Rk,Player,Nation,Pos,Squad,Age,Born,MP,Min,Mn/MP,Min%,90s,Starts,Mn/Start,Subs,Mn/Sub,unSub,PPM,onG,onGA,+/-,+/-90,On-Off,onxG,onxGA,xG+/-,xG+/-90,On-Off2,Matches
1,Patrick van Aanholt\Patrick-van-Aanholt,nl NED,DF,Crystal Palace,28,1990,22,1894,86,72.6,21.0,22,86,0,,0,1.50,17,24,-7,-0.33,-0.46,22.0,26.3,-4.2,-0.20,+0.48,Matches
2,Max Aarons\Max-Aarons,eng ENG,DF,Norwich City,19,2000,27,2430,90,93.1,27.0,27,90,0,,0,0.67,22,48,-26,-0.96,-0.46,31.4,42.8,-11.4,-0.42,+0.25,Matches
3,Tammy Abraham\Tammy-Abraham,eng ENG,FW,Chelsea,21,1997,25,1945,78,74.5,21.6,23,82,2,24,0,1.76,39,27,+12,+0.56,+0.56,37.9,20.9,+17.0,+0.79,+0.09,Matches
4,Che Adams\Che-Adams,eng ENG,FW,Southampton,23,1996,22,725,33,27.8,8.1,8,74,14,9,5,1.18,8,12,-4,-0.50,+0.12,9.5,10.0,-0.5,-0.06,-0.02,Matches
5,AdriÃ¡n\Adrian,es ESP,GK,Liverpool,32,1987,11,873,79,33.4,9.7,9,90,2,32,18,3.00,24,10,+14,+1.44,-0.16,17.9,9.9,+8.0,+0.82,-0.17,Matches
6,Sergio AgÃ¼ero\Sergio-Aguero,ar ARG,FW,Manchester City,31,1988,22,1401,64,55.6,15.6,17,78,5,16,2,2.00,40,18,+22,+1.41,+0.21,37.4,16.0,+21.4,+1.37,-0.05,Matches
7,Albian Ajeti\Albian-Ajeti,ch SUI,MFFW,West Ham,22,1997,8,127,16,4.9,1.4,0,,8,16,14,0.25,2,3,-1,-0.71,-0.20,2.6,1.7,+0.9,+0.63,+1.39,Matches
8,Nathan AkÃ©\Nathan-Ake,nl NED,DF,Bournemouth,24,1995,23,2015,88,77.2,22.4,23,88,0,,0,1.00,27,34,-7,-0.31,+1.35,27.7,34.0,-6.4,-0.28,+0.69,Matches
9,Marc Albrighton\Marc-Albrighton,eng ENG,MF,Leicester City,29,1989,14,477,34,18.3,5.3,3,81,11,21,15,1.71,14,7,+7,+1.32,+0.35,9.0,7.5,+1.5,+0.28,-0.15,Matches
10,Toby Alderweireld\Toby-Alderweireld,be BEL,DF,Tottenham,30,1989,27,2418,90,92.6,26.9,27,90,0,,2,1.48,43,36,+7,+0.26,+0.26,35.9,38.4,-2.5,-0.09,+0.70,Matches
11,Trent Alexander-Arnold\Trent-Alexander-Arnold,eng ENG,DF,Liverpool,20,1998,29,2550,88,97.7,28.3,28,89,1,50,0,2.83,64,21,+43,+1.52,-1.48,55.6,28.7,+26.9,+0.95,+0.72,Matches
12,Alisson\Alisson,br BRA,GK,Liverpool,26,1992,20,1734,87,66.4,19.3,20,87,0,,0,2.75,42,11,+31,+1.61,+0.17,38.5,19.6,+18.9,+0.98,+0.14,Matches
13,Thomas Allan\Thomas-Allan,eng ENG,MF,Newcastle Utd,19,1999,0,,,,,0,,0,,2,,,,,,,,,,,,Matches
14,Dele Alli\Dele-Alli,eng ENG,MFFW,Tottenham,23,1996,22,1764,80,67.6,19.6,20,86,2,21,3,1.41,30,24,+6,+0.31,+0.20,26.6,29.4,-2.8,-0.14,+0.01,Matches
15,Miguel AlmirÃ³n\Miguel-Almiron,py PAR,FWMF,Newcastle Utd,25,1994,28,2380,85,91.2,26.4,28,85,0,,0,1.25,24,37,-13,-0.49,+0.68,23.4,42.1,-18.6,-0.70,-0.01,Matches
16,Marcos Alonso\Marcos-Alonso,es ESP,DF,Chelsea,28,1990,11,858,78,32.9,9.5,9,87,2,38,7,2.55,27,7,+20,+2.10,+2.51,18.0,9.0,+9.0,+0.95,+0.28,Matches
17,Steven Alzate\Steven-Alzate,co COL,MFDF,Brighton,20,1998,19,1183,62,45.3,13.1,12,90,7,15,3,1.11,19,18,+1,+0.08,+0.64,16.6,18.6,-2.0,-0.15,+0.12,Matches
18,Ibrahim Amadou\Ibrahim-Amadou,fr FRA,DFMF,Norwich City,26,1993,11,756,69,29.0,8.4,8,84,3,27,9,0.73,8,20,-12,-1.43,-0.70,10.2,17.1,-6.9,-0.83,-0.54,Matches
19,Joseph Anang\Joseph-Anang,gh GHA,GK,West Ham,19,2000,0,,,,,0,,0,,1,,,,,,,,,,,,Matches
20,Felipe Anderson\Felipe-Anderson,br BRA,MFFW,West Ham,26,1993,22,1415,64,54.2,15.7,19,74,3,6,1,0.95,21,26,-5,-0.32,+0.44,17.5,27.9,-10.4,-0.66,+0.07,Matches
21,Florin Andone\Florin-Andone,ro ROU,MFFW,Brighton,26,1993,3,71,24,2.7,0.8,1,29,2,21,0,1.33,2,0,+2,+2.54,+2.89,1.7,2.4,-0.7,-0.85,-0.65,Matches
22,AngeliÃ±o\Angelino,es ESP,DF,Manchester City,22,1997,6,422,70,16.7,4.7,4,90,2,31,9,2.00,11,7,+4,+0.85,-0.56,10.8,4.4,+6.4,+1.36,-0.04,Matches
23,Faustino Anjorin\Faustino-Anjorin,eng ENG,FW,Chelsea,17,2001,1,19,19,0.7,0.2,0,,1,19,0,3.00,0,0,0,0.00,-0.42,0.1,0.0,+0.1,+0.36,-0.41,Matches
24,Michail Antonio\Michail-Antonio,eng ENG,FWMF,West Ham,29,1990,15,1030,69,39.5,11.4,10,83,5,41,0,0.93,18,19,-1,-0.09,+0.71,14.3,20.1,-5.8,-0.51,+0.31,Matches
25,Stuart Armstrong\Stuart-Armstrong,sco SCO,MF,Southampton,27,1992,21,1140,54,43.7,12.7,12,86,9,13,2,1.29,22,18,+4,+0.32,+1.60,18.9,18.2,+0.8,+0.06,+0.18,Matches
26,Kepa Arrizabalaga\Kepa-Arrizabalaga,es ESP,GK,Chelsea,24,1994,25,2250,90,86.2,25.0,25,90,0,,4,1.72,45,32,+13,+0.52,+0.77,44.9,23.4,+21.5,+0.86,+0.70,Matches
27,Bernard Ashley-Seal\Bernard-Ashley-Seal,eng ENG,FW,Wolves,20,1998,0,,,,,0,,0,,6,,,,,,,,,,,,Matches
28,Christian Atsu\Christian-Atsu,gh GHA,FWMF,Newcastle Utd,27,1992,18,733,41,28.1,8.1,6,82,12,20,6,1.17,4,14,-10,-1.23,-0.94,3.6,12.7,-9.1,-1.12,-0.58,Matches
29,Pierre-Emerick Aubameyang\Pierre-Emerick-Aubameyang,ga GAB,FW,Arsenal,30,1989,26,2304,89,91.4,25.6,26,89,0,,0,1.46,37,33,+4,+0.16,+0.16,34.4,37.0,-2.6,-0.10,+0.67,Matches
30,Serge Aurier\Serge-Aurier,ci CIV,DF,Tottenham,26,1992,24,1914,80,73.3,21.3,22,86,2,12,2,1.50,38,26,+12,+0.56,+1.21,29.0,30.2,-1.1,-0.05,+0.35,Matches
31,Brandon Austin\Brandon-Austin,eng ENG,GK,Tottenham,20,1999,0,,,,,0,,0,,4,,,,,,,,,,,,Matches
32,Jordan Ayew\Jordan-Ayew,gh GHA,FWMF,Crystal Palace,27,1991,28,2393,85,91.7,26.6,28,85,0,,1,1.39,23,27,-4,-0.15,+0.68,25.7,33.6,-7.9,-0.30,+0.41,Matches
33,CÃ©sar Azpilicueta\Cesar-Azpilicueta,es ESP,DF,Chelsea,29,1989,27,2420,90,92.7,26.9,27,90,0,,2,1.67,49,38,+11,+0.41,-0.06,45.6,26.8,+18.7,+0.70,-0.91,Matches
34,Eric Bailly\Eric-Bailly,ci CIV,DF,Manchester Utd,25,1994,2,102,51,3.9,1.1,1,90,1,12,4,3.00,3,0,+3,+2.65,+2.25,0.8,1.4,-0.5,-0.48,-1.04,Matches
35,Leighton Baines\Leighton-Baines,eng ENG,DF,Everton,34,1984,5,333,67,12.8,3.7,3,87,2,37,13,1.60,7,6,+1,+0.27,+0.67,8.0,5.3,+2.7,+0.73,+0.66,Matches
36,FabiÃ¡n Balbuena\Fabian-Balbuena,py PAR,DF,West Ham,27,1991,13,1080,83,41.4,12.0,12,90,1,0,16,0.85,12,22,-10,-0.83,-0.54,12.6,21.8,-9.2,-0.77,-0.12,Matches
37,George Baldock\George-Baldock,eng ENG,DF,Sheffield Utd,26,1993,28,2520,90,100.0,28.0,28,90,0,,0,1.54,30,25,+5,+0.18,,33.7,34.0,-0.3,-0.01,,Matches
38,Leon Balogun\Leon-Balogun,ng NGA,DF,Brighton,31,1988,0,,,,,0,,0,,4,,,,,,,,,,,,Matches
39,Tudor BÄƒluÈ›Äƒ\Tudor-Baluta,ro ROU,DFMF,Brighton,20,1999,0,,,,,0,,0,,3,,,,,,,,,,,,Matches
40,Beni Baningime\Beni-Baningime,cd COD,MF,Everton,20,1998,0,,,,,0,,0,,2,,,,,,,,,,,,Matches
41,Phil Bardsley\Phil-Bardsley,sco SCO,DF,Burnley,34,1985,14,1260,90,48.3,14.0,14,90,0,,9,1.64,18,14,+4,+0.29,+0.95,17.9,16.3,+1.6,+0.12,+0.40,Matches
42,Ross Barkley\Ross-Barkley,eng ENG,MF,Chelsea,25,1993,13,675,52,25.9,7.5,8,72,5,20,7,1.92,18,7,+11,+1.47,+1.42,17.1,5.3,+11.7,+1.56,+1.08,Matches
43,Ashley Barnes\Ashley-Barnes,at AUT,FW,Burnley,29,1989,19,1361,72,52.1,15.1,17,77,2,24,0,1.26,19,21,-2,-0.13,+0.16,15.7,13.2,+2.5,+0.17,+0.54,Matches
44,Harvey Barnes\Harvey-Barnes,eng ENG,MF,Leicester City,21,1997,27,1719,64,65.9,19.1,20,76,7,29,2,1.81,34,16,+18,+0.94,-0.27,32.6,22.0,+10.6,+0.56,+0.43,Matches
45,Chris Basham\Chris-Basham,eng ENG,DF,Sheffield Utd,31,1988,28,2440,87,96.8,27.1,28,87,0,,0,1.54,26,25,+1,+0.04,-4.46,31.9,33.2,-1.3,-0.05,-1.21,Matches
46,Borja BastÃ³n\Borja-Baston,es ESP,MFFW,Aston Villa,26,1992,2,16,8,0.6,0.2,0,,2,8,0,0.00,0,2,-2,-11.25,-10.53,0.0,1.5,-1.4,-8.14,-7.26,Matches
47,Michy Batshuayi\Michy-Batshuayi,be BEL,FW,Chelsea,25,1993,16,225,14,8.6,2.5,1,68,15,10,10,1.50,5,8,-3,-1.20,-1.77,5.5,2.9,+2.6,+1.05,+0.32,Matches
48,Jan Bednarek\Jan-Bednarek,pl POL,DF,Southampton,23,1996,27,2428,90,93.0,27.0,27,90,0,,1,1.15,32,50,-18,-0.67,-1.16,37.9,39.2,-1.3,-0.05,-0.11,Matches
49,HÃ©ctor BellerÃ­n\Hector-Bellerin,es ESP,DF,Arsenal,24,1995,8,624,78,24.8,6.9,7,89,1,1,3,1.50,11,10,+1,+0.14,0.00,8.0,13.2,-5.2,-0.76,-0.80,Matches
50,Filip BenkoviÄ‡\Filip-Benkovic,hr CRO,DF,Leicester City,22,1997,0,,,,,0,,0,,1,,,,,,,,,,,,Matches
51,Ryan Bennett\Ryan-Bennett,eng ENG,DF,Wolves,29,1990,11,604,55,23.1,6.7,7,75,4,21,5,1.45,6,9,-3,-0.45,-0.90,6.7,7.6,-0.9,-0.14,-0.67,Matches
52,Nabil Bentaleb\Nabil-Bentaleb,dz ALG,MF,Newcastle Utd,24,1994,3,270,90,10.3,3.0,3,90,0,,2,0.33,0,5,-5,-1.67,-1.24,1.9,4.8,-2.9,-0.97,-0.30,Matches
53,Christian Benteke\Christian-Benteke,be BEL,FW,Crystal Palace,28,1990,20,919,46,35.2,10.2,9,87,11,12,3,1.30,7,11,-4,-0.39,-0.29,11.2,14.2,-3.0,-0.29,+0.07,Matches
54,JÃ³hann Berg GuÃ°mundsson\Johann-Berg-Gudmundsson,is ISL,MF,Burnley,28,1990,7,401,57,15.4,4.5,4,78,3,30,2,1.00,7,4,+3,+0.67,+1.04,5.6,4.4,+1.1,+0.26,+0.41,Matches
55,Sander Berge\Sander-Berge,no NOR,MF,Sheffield Utd,21,1998,4,210,53,8.3,2.3,3,70,1,0,0,2.50,3,2,+1,+0.43,+0.27,2.5,2.5,-0.1,-0.03,-0.03,Matches
56,Steven Bergwijn\Steven-Bergwijn,nl NED,FWMF,Tottenham,21,1997,5,418,84,16.0,4.6,5,84,0,,0,1.40,6,8,-2,-0.43,-0.80,6.5,10.3,-3.8,-0.82,-0.80,Matches
57,Bernard\Bernard,br BRA,MFFW,Everton,26,1992,19,1023,54,39.2,11.4,13,67,6,25,5,1.37,13,10,+3,+0.26,+0.94,16.1,11.2,+4.9,+0.43,+0.45,Matches
58,Bernardo\Bernardo,br BRA,DF,Brighton,24,1995,10,541,54,20.7,6.0,6,79,4,17,7,0.80,6,12,-6,-1.00,-0.91,6.9,7.6,-0.7,-0.11,+0.14,Matches
59,Ryan Bertrand\Ryan-Bertrand,eng ENG,DF,Southampton,29,1989,24,2023,84,77.5,22.5,23,86,1,45,1,1.13,28,37,-9,-0.40,+0.83,33.1,31.0,+2.1,+0.09,+0.60,Matches
60,Muhamed BeÅ¡iÄ‡\Muhamed-Besic,ba BIH,MF,Sheffield Utd,26,1992,9,245,27,9.7,2.7,2,77,7,13,14,1.56,1,2,-1,-0.37,-0.60,4.1,3.9,+0.1,+0.04,+0.06,Matches
61,Philip Billing\Philip-Billing,dk DEN,MF,Bournemouth,23,1996,27,2166,80,83.0,24.1,25,85,2,26,1,1.00,25,36,-11,-0.46,+0.96,29.0,36.7,-7.6,-0.32,+0.73,Matches
62,Yves Bissouma\Yves-Bissouma,ml MLI,MF,Brighton,22,1996,13,667,51,25.6,7.4,8,74,5,14,7,0.85,4,7,-3,-0.40,-0.17,7.8,11.2,-3.4,-0.46,-0.32,Matches
63,Willy Boly\Willy-Boly,fr FRA,DF,Wolves,28,1991,13,1169,90,44.8,13.0,13,90,0,,1,1.54,16,9,+7,+0.54,+0.54,16.5,12.4,+4.1,+0.31,-0.12,Matches
64,GaÃ«tan Bong\Gaetan-Bong,cm CMR,MFDF,Brighton,31,1988,4,56,14,2.1,0.6,0,,4,14,0,1.25,0,3,-3,-4.82,-4.65,0.5,1.9,-1.4,-2.17,-2.00,Matches
65,Artur Boruc\Artur-Boruc,pl POL,GK,Bournemouth,39,1980,0,,,,,0,,0,,29,,,,,,,,,,,,Matches
66,Sofiane Boufal\Sofiane-Boufal,ma MAR,MFFW,Southampton,25,1993,19,759,40,29.1,8.4,8,73,11,16,7,0.84,10,18,-8,-0.95,-0.51,13.7,13.8,-0.2,-0.02,+0.03,Matches
67,Jarrod Bowen\Jarrod-Bowen,eng ENG,FWMF,West Ham,22,1996,4,184,46,7.0,2.0,2,84,2,8,0,0.75,3,2,+1,+0.49,+1.08,4.6,2.1,+2.5,+1.21,+2.05,Matches
68,Robbie Brady\Robbie-Brady,ie IRL,MF,Burnley,27,1992,14,396,28,15.2,4.4,5,65,9,8,10,0.93,5,10,-5,-1.14,-1.10,4.1,7.8,-3.7,-0.84,-0.89,Matches
69,Claudio Bravo\Claudio-Bravo,cl CHI,GK,Manchester City,36,1983,4,346,87,13.7,3.8,3,90,1,76,24,1.50,7,7,0,0.00,-1.53,5.4,4.9,+0.5,+0.13,-1.46,Matches
70,Rhian Brewster\Rhian-Brewster,eng ENG,FW,Liverpool,19,2000,0,,,,,0,,0,,1,,,,,,,,,,,,Matches
71,Armando Broja\Armando-Broja,al ALB,FW,Chelsea,17,2001,1,4,4,0.2,0.0,0,,1,4,0,3.00,0,0,0,0.00,-0.41,0.0,0.0,0.0,+0.56,-0.20,Matches
72,Josh Brownhill\Josh-Brownhill,eng ENG,MF,Burnley,23,1995,1,,0,0.0,0.0,0,,1,0,3,3.00,0,0,0,,,0.0,0.7,-0.7,,,Matches
73,Emi BuendÃ­a\Emi-Buendia,ar ARG,FWMF,Norwich City,22,1996,28,2016,72,77.2,22.4,22,88,6,14,0,0.75,20,41,-21,-0.94,-0.03,26.8,35.5,-8.7,-0.39,+0.22,Matches
74,Dan Burn\Dan-Burn,eng ENG,DF,Brighton,27,1992,25,2149,86,82.3,23.9,25,86,0,,0,1.08,25,32,-7,-0.29,-0.10,27.1,34.5,-7.4,-0.31,-0.50,Matches
75,David Button\David-Button,eng ENG,GK,Brighton,30,1989,0,,,,,0,,0,,29,,,,,,,,,,,,Matches
76,Oskar Buur\Oskar-Buur,dk DEN,DFMF,Wolves,21,1998,0,,,,,0,,0,,6,,,,,,,,,,,,Matches
77,Sam Byram\Sam-Byram,eng ENG,DF,Norwich City,25,1993,17,1293,76,49.5,14.4,15,85,2,12,9,0.94,15,23,-8,-0.56,+0.74,18.9,19.4,-0.4,-0.03,+0.81,Matches
78,Willy Caballero\Willy-Caballero,ar ARG,GK,Chelsea,37,1981,4,360,90,13.8,4.0,4,90,0,,25,1.25,6,7,-1,-0.25,-0.77,5.4,4.7,+0.6,+0.16,-0.70,Matches
79,Gary Cahill\Gary-Cahill,eng ENG,DF,Crystal Palace,33,1985,20,1800,90,69.0,20.0,20,90,0,,2,1.30,18,26,-8,-0.40,-0.62,19.8,26.7,-6.9,-0.35,-0.04,Matches
80,Dominic Calvert-Lewin\Dominic-Calvert-Lewin,eng ENG,FW,Everton,22,1997,27,1912,71,73.3,21.2,22,83,5,16,2,1.26,30,35,-5,-0.24,+0.28,31.9,29.4,+2.5,+0.12,-0.13,Matches
81,VÃ­ctor Camarasa\Victor-Camarasa,es ESP,MF,Crystal Palace,25,1994,1,5,5,0.2,0.1,0,,1,5,10,0.00,0,0,0,0.00,+0.21,0.2,0.0,+0.1,+2.53,+2.87,Matches
82,JoÃ£o Cancelo\Joao-Cancelo,pt POR,DF,Manchester City,25,1994,11,782,71,31.0,8.7,8,90,3,21,17,2.00,19,10,+9,+1.04,-0.41,16.2,8.9,+7.3,+0.84,-0.81,Matches
83,Todd Cantwell\Todd-Cantwell,eng ENG,FW,Norwich City,21,1998,29,2080,72,79.7,23.1,25,81,4,14,0,0.72,18,40,-22,-0.95,-0.10,26.0,37.6,-11.6,-0.50,-0.30,Matches
84,Ã‰tienne Capoue\Etienne-Capoue,fr FRA,MF,Watford,31,1988,24,2140,89,82.0,23.8,24,89,0,,0,0.96,24,40,-16,-0.67,-0.48,28.3,36.3,-8.1,-0.34,-0.07,Matches
85,GonÃ§alo Cardoso\Goncalo-Cardoso,pt POR,DF,West Ham,18,2000,0,,,,,0,,0,,3,,,,,,,,,,,,Matches
86,Andy Carroll\Andy-Carroll,eng ENG,FW,Newcastle Utd,30,1989,13,508,39,19.5,5.6,4,86,9,18,2,1.54,7,7,0,0.00,+0.69,4.7,11.2,-6.5,-1.15,-0.56,Matches
87,Scott Carson\Scott-Carson,eng ENG,GK,Manchester City,33,1985,0,,,,,0,,0,,3,,,,,,,,,,,,Matches
88,Jonny Castro\Jonny-Castro,es ESP,DF,Wolves,25,1994,26,2197,85,84.2,24.4,25,87,1,16,1,1.50,33,29,+4,+0.16,-0.49,31.3,23.9,+7.4,+0.30,-0.49,Matches
89,Craig Cathcart\Craig-Cathcart,nir NIR,DF,Watford,30,1989,27,2355,87,90.2,26.2,27,87,0,,0,0.96,24,33,-9,-0.34,+2.48,30.2,35.1,-5.0,-0.19,+1.41,Matches
90,Dani Ceballos\Dani-Ceballos,es ESP,MF,Arsenal,22,1996,14,912,65,36.2,10.1,10,78,4,33,4,1.86,17,12,+5,+0.49,+0.55,12.8,14.0,-1.2,-0.12,+0.07,Matches
91,Nathaniel Chalobah\Nathaniel-Chalobah,eng ENG,MF,Watford,24,1994,15,778,52,29.8,8.6,9,77,6,14,12,1.40,10,10,0,0.00,+0.84,10.5,12.6,-2.1,-0.25,+0.12,Matches
92,Calum Chambers\Calum-Chambers,eng ENG,DF,Arsenal,24,1995,14,1103,79,43.8,12.3,13,81,1,45,5,1.29,16,15,+1,+0.08,-0.11,15.9,13.4,+2.5,+0.20,+0.64,Matches
93,James Chester\James-Chester,wal WAL,DF,Aston Villa,30,1989,0,,,,,0,,0,,6,,,,,,,,,,,,Matches
94,Ben Chilwell\Ben-Chilwell,eng ENG,DF,Leicester City,22,1996,23,2060,90,78.9,22.9,23,90,0,,1,1.74,46,23,+23,+1.00,-0.14,35.8,29.9,+5.8,+0.26,-0.72,Matches
95,Tahith Chong\Tahith-Chong,nl NED,FWMF,Manchester Utd,19,1999,3,34,11,1.3,0.4,0,,3,11,4,2.00,0,0,0,0.00,-0.49,0.3,0.1,+0.2,+0.62,+0.11,Matches
96,Hamza Choudhury\Hamza-Choudhury,eng ENG,MF,Leicester City,21,1997,16,781,49,29.9,8.7,9,77,7,13,4,1.56,13,10,+3,+0.35,-0.98,9.2,9.3,0.0,0.00,-0.59,Matches
97,Andreas Christensen\Andreas-Christensen,dk DEN,DF,Chelsea,23,1996,15,1257,84,48.2,14.0,15,84,0,,11,1.47,25,24,+1,+0.07,-0.66,24.9,14.6,+10.3,+0.74,-0.05,Matches
98,Ciaran Clark\Ciaran-Clark,ie IRL,DF,Newcastle Utd,29,1989,14,1188,85,45.5,13.2,14,85,0,,4,1.64,13,14,-1,-0.08,+0.87,11.1,21.5,-10.4,-0.79,-0.16,Matches
99,Leon Clarke\Leon-Clarke,eng ENG,MF,Sheffield Utd,34,1985,1,13,13,0.5,0.1,0,,1,13,0,0.00,0,0,0,0.00,-0.18,0.5,0.5,0.0,-0.01,0.00,Matches
100,Tom Cleverley\Tom-Cleverley,eng ENG,MF,Watford,29,1989,10,657,66,25.2,7.3,8,80,2,11,1,0.50,5,17,-12,-1.64,-1.41,10.9,15.3,-4.4,-0.61,-0.37,Matches
101,Conor Coady\Conor-Coady,eng ENG,DF,Wolves,26,1993,29,2610,90,100.0,29.0,29,90,0,,0,1.48,41,34,+7,+0.24,,38.9,27.9,+11.0,+0.38,,Matches
102,SÃ©amus Coleman\Seamus-Coleman,ie IRL,DF,Everton,30,1988,18,1192,66,45.7,13.2,14,80,4,20,6,1.28,13,19,-6,-0.45,-0.26,17.6,17.5,+0.2,+0.01,-0.26,Matches
103,Aaron Connolly\Aaron-Connolly,ie IRL,FW,Brighton,19,2000,17,834,49,32.0,9.3,9,69,8,26,2,1.00,13,13,0,0.00,+0.41,11.4,11.5,-0.1,-0.01,+0.31,Matches
104,Lewis Cook\Lewis-Cook,eng ENG,MF,Bournemouth,22,1997,20,1004,50,38.5,11.2,11,81,9,12,5,0.95,12,19,-7,-0.63,-0.01,12.2,18.0,-5.8,-0.52,-0.13,Matches
105,Steve Cook\Steve-Cook,eng ENG,DF,Bournemouth,28,1991,22,1849,84,70.8,20.5,22,84,0,,2,0.82,22,35,-13,-0.63,-0.04,25.5,34.3,-8.8,-0.43,+0.05,Matches
106,Jack Cork\Jack-Cork,eng ENG,MF,Burnley,30,1989,27,2368,88,90.7,26.3,27,88,0,,0,1.33,29,36,-7,-0.27,-0.64,30.3,32.0,-1.7,-0.07,+0.27,Matches
107,Aaron Cresswell\Aaron-Cresswell,eng ENG,DF,West Ham,29,1989,23,2025,88,77.6,22.5,23,88,0,,0,0.83,28,40,-12,-0.53,-0.07,24.4,40.7,-16.3,-0.72,-0.12,Matches
108,Luke Cundle\Luke-Cundle,eng ENG,MF,Wolves,,,0,,,,,0,,0,,1,,,,,,,,,,,,Matches
109,Patrick Cutrone\Patrick-Cutrone,it ITA,FW,Wolves,21,1998,12,292,24,11.2,3.2,3,66,9,10,8,1.67,6,6,0,0.00,-0.27,4.9,5.2,-0.3,-0.10,-0.54,Matches
110,Bernardo Costa Da Rosa\Bernardo-Costa-Da-Rosa,br BRA,MF,West Ham,18,2000,0,,,,,0,,0,,1,,,,,,,,,,,,Matches
111,Diogo Dalot\Diogo-Dalot,pt POR,DF,Manchester Utd,20,1999,4,65,16,2.5,0.7,1,60,3,2,2,1.00,0,1,-1,-1.38,-1.92,1.1,1.0,+0.1,+0.11,-0.42,Matches
112,James Daly\James-Daly,eng ENG,FW,Crystal Palace,19,2000,0,,,,,0,,0,,3,,,,,,,,,,,,Matches
113,Charlie Daniels\Charlie-Daniels,eng ENG,DF,Bournemouth,32,1986,2,127,64,4.9,1.4,2,64,0,,1,1.50,2,2,0,0.00,+0.65,1.4,2.6,-1.3,-0.89,-0.47,Matches
114,Scott Dann\Scott-Dann,eng ENG,DF,Crystal Palace,32,1987,9,635,71,24.3,7.1,7,86,2,18,13,1.56,5,3,+2,+0.28,+0.65,7.5,9.8,-2.3,-0.33,0.00,Matches
115,Kevin Danso\Kevin-Danso,at AUT,DF,Southampton,20,1998,6,275,46,10.5,3.1,3,69,3,23,8,0.83,3,8,-5,-1.64,-1.17,3.3,6.3,-3.0,-0.98,-1.05,Matches
116,Karl Darlow\Karl-Darlow,eng ENG,GK,Newcastle Utd,28,1990,0,,,,,0,,0,,28,,,,,,,,,,,,Matches
117,Ben Davies\Ben-Davies,wal WAL,DF,Tottenham,26,1993,9,631,70,24.2,7.0,7,88,2,8,6,1.22,11,13,-2,-0.29,-0.69,9.3,10.3,-1.0,-0.14,0.00,Matches
118,Tom Davies\Tom-Davies,eng ENG,MF,Everton,21,1998,21,1368,65,52.4,15.2,15,86,6,13,6,1.33,18,26,-8,-0.53,-0.45,21.5,22.3,-0.8,-0.05,-0.43,Matches
119,Keinan Davis\Keinan-Davis,eng ENG,FW,Aston Villa,21,1998,8,129,16,5.1,1.4,0,,8,16,3,0.63,2,3,-1,-0.70,+0.09,2.7,2.4,+0.3,+0.23,+1.22,Matches
120,Craig Dawson\Craig-Dawson,eng ENG,DF,Watford,29,1990,20,1549,77,59.3,17.2,17,87,3,21,5,0.95,16,29,-13,-0.76,-0.42,21.3,26.9,-5.6,-0.33,0.00,Matches
121,Kevin De Bruyne\Kevin-De-Bruyne,be BEL,MF,Manchester City,28,1991,26,2156,83,85.6,24.0,25,85,1,33,0,2.19,61,20,+41,+1.71,+2.70,59.3,18.4,+40.9,+1.71,+2.13,Matches
122,Troy Deeney\Troy-Deeney,eng ENG,FW,Watford,31,1988,18,1506,84,57.7,16.7,17,87,1,34,2,1.06,18,20,-2,-0.12,+1.10,19.7,21.9,-2.2,-0.13,+0.47,Matches
123,Tom Dele-Bashiru\Tom-Dele-Bashiru,ng NGA,MF,Watford,19,1999,0,,,,,0,,0,,4,,,,,,,,,,,,Matches
124,Fabian Delph\Fabian-Delph,eng ENG,MF,Everton,29,1989,16,1189,74,45.6,13.2,13,86,3,22,1,1.19,17,24,-7,-0.53,-0.40,19.5,16.3,+3.2,+0.24,+0.16,Matches
125,Leander Dendoncker\Leander-Dendoncker,be BEL,DFMF,Wolves,24,1995,29,2280,79,87.4,25.3,26,86,3,14,0,1.48,35,29,+6,+0.24,-0.04,33.1,22.9,+10.2,+0.40,+0.17,Matches
126,Gerard Deulofeu\Gerard-Deulofeu,es ESP,FW,Watford,25,1994,28,2107,75,80.7,23.4,25,79,3,42,0,0.96,22,33,-11,-0.47,+0.60,26.1,36.4,-10.4,-0.44,-0.60,Matches
127,Eric Dier\Eric-Dier,eng ENG,MFDF,Tottenham,25,1994,14,891,64,34.1,9.9,10,83,4,17,13,2.07,20,18,+2,+0.20,-0.06,16.0,15.1,+0.9,+0.10,+0.37,Matches
128,Lucas Digne\Lucas-Digne,fr FRA,DF,Everton,26,1993,26,2245,86,86.0,24.9,26,86,0,,1,1.27,30,40,-10,-0.40,-0.65,32.6,31.0,+1.7,+0.07,-0.63,Matches
129,Virgil van Dijk\Virgil-van-Dijk,nl NED,DF,Liverpool,28,1991,29,2610,90,100.0,29.0,29,90,0,,0,2.83,66,21,+45,+1.55,,56.4,29.3,+27.1,+0.93,,Matches
130,Issa Diop\Issa-Diop,fr FRA,DF,West Ham,22,1997,23,1956,85,74.9,21.7,22,89,1,2,4,0.91,25,42,-17,-0.78,-1.06,26.0,42.3,-16.3,-0.75,-0.21,Matches
131,Moussa Djenepo\Moussa-Djenepo,ml MLI,MFDF,Southampton,21,1998,18,925,51,35.4,10.3,10,75,8,22,2,1.28,15,13,+2,+0.19,+1.21,17.9,14.1,+3.8,+0.37,+0.64,Matches
132,Mihai Dobre\Mihai-Dobre,ro ROU,MF,Bournemouth,20,1998,0,,,,,0,,0,,2,,,,,,,,,,,,Matches
133,Matt Doherty\Matt-Doherty,ie IRL,DF,Wolves,27,1992,27,2150,80,82.4,23.9,24,85,3,34,1,1.59,35,26,+9,+0.38,+0.77,33.5,21.8,+11.6,+0.49,+0.61,Matches
134,Abdoulaye DoucourÃ©\Abdoulaye-Doucoure,fr FRA,MF,Watford,26,1993,28,2450,88,93.9,27.2,28,88,0,,0,0.93,25,42,-17,-0.62,-0.62,32.0,40.1,-8.1,-0.30,+0.47,Matches
135,Danny Drinkwater\Danny-Drinkwater,eng ENG,MF,Aston Villa,29,1990,4,263,66,10.4,2.9,4,66,0,,2,1.00,2,9,-7,-2.40,-1.80,2.4,6.0,-3.5,-1.21,-0.31,Matches
136,Danny Drinkwater\Danny-Drinkwater,eng ENG,MF,Burnley,29,1990,1,59,59,2.3,0.7,1,59,0,,8,0.00,0,2,-2,-3.05,-2.91,0.1,1.5,-1.4,-2.08,-2.04,Matches
137,Anthony Driscoll-Glennon\Anthony-Driscoll-Glennon,eng ENG,DF,Burnley,19,1999,0,,,,,0,,0,,1,,,,,,,,,,,,Matches
138,Josip DrmiÄ‡\Josip-Drmic,ch SUI,FWMF,Norwich City,26,1992,14,215,15,8.2,2.4,0,,14,15,3,0.64,1,3,-2,-0.84,+0.10,4.1,3.9,+0.2,+0.08,+0.57,Matches
139,Martin DÃºbravka\Martin-Dubravka,sk SVK,GK,Newcastle Utd,30,1989,29,2610,90,100.0,29.0,29,90,0,,0,1.21,25,41,-16,-0.55,,25.3,45.7,-20.4,-0.70,,Matches
140,Ondrej Duda\Ondrej-Duda,sk SVK,MF,Norwich City,24,1994,7,581,83,22.3,6.5,7,83,0,,0,1.00,3,7,-4,-0.62,+0.40,8.1,10.4,-2.3,-0.36,+0.11,Matches
141,Shane Duffy\Shane-Duffy,ie IRL,DF,Brighton,27,1992,15,1071,71,41.0,11.9,11,90,4,20,9,1.13,13,15,-2,-0.17,+0.18,12.9,16.7,-3.7,-0.31,-0.16,Matches
142,Paul Dummett\Paul-Dummett,wal WAL,DF,Newcastle Utd,27,1991,16,1229,77,47.1,13.7,14,83,2,37,3,1.38,14,20,-6,-0.44,+0.21,11.1,21.3,-10.2,-0.75,-0.08,Matches
143,Lewis Dunk\Lewis-Dunk,eng ENG,DF,Brighton,27,1991,27,2430,90,93.1,27.0,27,90,0,,0,1.07,31,36,-5,-0.19,+1.31,32.7,35.7,-3.0,-0.11,+1.57,Matches
144,Jake Eastwood\Jake-Eastwood,eng ENG,GK,Sheffield Utd,22,1996,0,,,,,0,,0,,1,,,,,,,,,,,,Matches
145,Ederson\Ederson,br BRA,GK,Manchester City,25,1993,25,2171,87,86.2,24.1,25,87,0,,0,2.04,61,24,+37,+1.53,+1.53,61.5,23.2,+38.2,+1.58,+1.35,Matches
146,John Egan\John-Egan,ie IRL,DF,Sheffield Utd,26,1992,27,2419,90,96.0,26.9,27,90,0,,0,1.56,27,22,+5,+0.19,+0.19,32.2,32.7,-0.5,-0.02,-0.17,Matches
147,Harvey Elliot\Harvey-Elliot,eng ENG,FW,Liverpool,,,1,,0,0.0,0.0,0,,1,0,3,3.00,0,0,0,,,0.0,0.0,0.0,,,Matches
148,Rob Elliot\Rob-Elliot,ie IRL,GK,Newcastle Utd,33,1986,0,,,,,0,,0,,1,,,,,,,,,,,,Matches
149,Ahmed Elmohamady\Ahmed-Elmohamady,eg EGY,DF,Aston Villa,31,1987,12,764,64,30.3,8.5,8,87,4,18,11,0.58,7,26,-19,-2.24,-2.08,7.9,21.5,-13.6,-1.61,-0.98,Matches
150,BjÃ¶rn Engels\Bjorn-Engels,be BEL,DF,Aston Villa,24,1994,17,1447,85,57.4,16.1,15,89,2,56,4,0.65,20,32,-12,-0.75,+0.09,20.2,31.9,-11.7,-0.72,+0.47,Matches
151,Christian Eriksen\Christian-Eriksen,dk DEN,MFFW,Tottenham,27,1992,20,1092,55,41.8,12.1,10,88,10,22,3,1.30,20,17,+3,+0.25,+0.01,14.9,18.5,-3.5,-0.29,-0.25,Matches
152,Jonny Evans\Jonny-Evans,nir NIR,DF,Leicester City,31,1988,29,2576,89,98.7,28.6,29,89,0,,0,1.83,55,28,+27,+0.94,-7.00,44.9,34.9,+10.0,+0.35,-4.33,Matches
153,Åukasz FabiaÅ„ski\Lukasz-Fabianski,pl POL,GK,West Ham,34,1985,16,1309,82,50.2,14.5,16,82,0,,0,1.19,22,22,0,0.00,+1.04,17.3,26.2,-8.9,-0.61,+0.17,Matches
154,Fabinho\Fabinho,br BRA,MF,Liverpool,25,1993,20,1444,72,55.3,16.0,15,90,5,19,1,2.75,38,16,+22,+1.37,-0.40,29.5,17.8,+11.6,+0.73,-0.47,Matches
155,Ralf FÃ¤hrmann\Ralf-Fahrmann,de GER,GK,Norwich City,30,1988,1,22,22,0.8,0.2,1,22,0,,19,0.00,0,1,-1,-4.09,-3.19,0.1,0.9,-0.8,-3.22,-2.80,Matches
156,Akin Famewo\Akin-Famewo,eng ENG,DF,Norwich City,20,1998,0,,,,,0,,0,,1,,,,,,,,,,,,Matches
157,Kiko FemenÃ­a\Kiko-Femenia,es ESP,DF,Watford,28,1991,19,1526,80,58.5,17.0,17,88,2,17,3,0.89,17,30,-13,-0.77,-0.43,22.6,28.4,-5.8,-0.34,-0.03,Matches
158,Bruno Fernandes\Bruno-Fernandes,pt POR,MF,Manchester Utd,24,1994,5,448,90,17.2,5.0,5,90,0,,0,2.20,7,1,+6,+1.21,+0.87,6.0,5.6,+0.4,+0.08,-0.52,Matches
159,Gedson Fernandes\Gedson-Fernandes,pt POR,MFDF,Tottenham,20,1999,4,40,10,1.5,0.4,0,,4,10,3,1.75,2,0,+2,+4.50,+4.32,2.6,0.3,+2.3,+5.21,+5.44,Matches
160,Federico FernÃ¡ndez\Federico-Fernandez,ar ARG,DF,Newcastle Utd,30,1989,23,1808,79,69.3,20.1,20,89,3,8,4,1.35,20,25,-5,-0.25,+0.99,20.4,33.2,-12.8,-0.64,+0.22,Matches
161,Fernandinho\Fernandinho,br BRA,DF,Manchester City,34,1985,23,1997,87,79.2,22.2,22,88,1,53,4,2.04,51,23,+28,+1.26,-0.29,49.9,20.2,+29.7,+1.34,-0.29,Matches
162,Roberto Firmino\Roberto-Firmino,br BRA,FWMF,Liverpool,27,1991,29,2422,84,92.8,26.9,27,87,2,35,0,2.83,58,16,+42,+1.56,+0.12,52.4,25.8,+26.5,+0.99,+0.72,Matches
163,John Fleck\John-Fleck,sco SCO,MF,Sheffield Utd,27,1991,25,2189,88,86.9,24.3,25,88,0,,0,1.56,25,21,+4,+0.16,-0.11,29.4,30.8,-1.3,-0.05,-0.34,Matches
164,Phil Foden\Phil-Foden,eng ENG,MFFW,Manchester City,19,2000,14,354,25,14.0,3.9,3,76,11,11,13,2.64,12,6,+6,+1.53,+0.24,7.6,5.0,+2.6,+0.66,-0.85,Matches
165,Pablo Fornals\Pablo-Fornals,es ESP,MF,West Ham,23,1996,27,1464,54,56.1,16.3,15,79,12,23,1,1.00,21,26,-5,-0.31,+0.48,18.8,27.3,-8.5,-0.52,+0.39,Matches
166,Fraser Forster\Fraser-Forster,eng ENG,GK,Southampton,31,1988,0,,,,,0,,0,,1,,,,,,,,,,,,Matches
167,Ben Foster\Ben-Foster,eng ENG,GK,Watford,36,1983,29,2610,90,100.0,29.0,29,90,0,,0,0.93,27,44,-17,-0.59,,34.3,43.8,-9.5,-0.33,,Matches
168,Dimitri Foulquier\Dimitri-Foulquier,fr FRA,MFDF,Watford,26,1993,3,58,19,2.2,0.6,1,33,2,13,6,0.33,0,6,-6,-9.31,-8.92,0.4,3.9,-3.5,-5.48,-5.27,Matches
169,Juan Foyth\Juan-Foyth,ar ARG,DF,Tottenham,21,1998,4,65,16,2.5,0.7,1,45,3,7,6,1.50,0,3,-3,-4.15,-4.51,0.8,0.7,+0.1,+0.08,+0.23,Matches
170,Simon Francis\Simon-Francis,eng ENG,DF,Bournemouth,34,1985,15,964,64,36.9,10.7,10,85,5,24,4,0.67,7,21,-14,-1.31,-1.09,11.4,19.3,-7.9,-0.74,-0.47,Matches
171,Ryan Fraser\Ryan-Fraser,sco SCO,MFFW,Bournemouth,25,1994,28,2063,74,79.0,22.9,21,88,7,29,0,0.93,22,35,-13,-0.57,+0.26,26.3,37.3,-11.0,-0.48,-0.19,Matches
172,Fred\Fred,br BRA,MF,Manchester Utd,26,1993,25,2027,81,77.7,22.5,22,90,3,19,0,1.60,35,24,+11,+0.49,+0.03,33.8,24.4,+9.5,+0.42,-0.41,Matches
173,Ryan Fredericks\Ryan-Fredericks,eng ENG,DF,West Ham,26,1992,20,1688,84,64.7,18.8,19,88,1,18,1,1.10,25,30,-5,-0.27,+0.71,20.0,33.5,-13.4,-0.72,-0.06,Matches
174,Kieron Freeman\Kieron-Freeman,wal WAL,DFMF,Sheffield Utd,27,1992,0,,,,,0,,0,,3,,,,,,,,,,,,Matches
175,Luke Freeman\Luke-Freeman,eng ENG,MF,Sheffield Utd,27,1992,9,322,36,12.8,3.6,3,74,6,17,12,1.44,5,4,+1,+0.28,+0.12,5.0,3.0,+2.0,+0.55,+0.64,Matches
176,Christian Fuchs\Christian-Fuchs,at AUT,DF,Leicester City,33,1986,8,634,79,24.3,7.0,7,90,1,4,2,2.00,11,6,+5,+0.71,-0.43,11.6,7.8,+3.7,+0.53,+0.16,Matches
177,Eric GarcÃ­a\Eric-Garcia,es ESP,DF,Manchester City,18,2001,6,269,45,10.7,3.0,2,90,4,22,6,2.50,7,5,+2,+0.67,-0.73,4.2,4.1,+0.2,+0.06,-1.50,Matches
178,James Garner\James-Garner,eng ENG,MF,Manchester Utd,18,2001,1,8,8,0.3,0.1,0,,1,8,6,3.00,0,1,-1,-11.25,-11.77,0.4,0.3,+0.1,+1.49,+0.98,Matches
179,Dwight Gayle\Dwight-Gayle,eng ENG,FW,Newcastle Utd,28,1990,12,378,32,14.5,4.2,4,67,8,14,6,0.83,5,6,-1,-0.24,+0.37,5.6,4.8,+0.9,+0.20,+1.06,Matches
180,Paulo Gazzaniga\Paulo-Gazzaniga,ar ARG,GK,Tottenham,27,1992,18,1612,90,61.8,17.9,17,90,1,82,11,1.11,25,26,-1,-0.06,-0.78,23.4,22.2,+1.2,+0.07,+0.56,Matches
181,Jean-Philippe Gbamin\Jean-Philippe-Gbamin,ci CIV,MF,Everton,23,1995,2,135,68,5.2,1.5,1,90,1,45,0,2.00,1,0,+1,+0.67,+1.03,1.2,1.7,-0.5,-0.34,-0.52,Matches
182,David de Gea\David-de-Gea,es ESP,GK,Manchester Utd,28,1990,29,2610,90,100.0,29.0,29,90,0,,0,1.55,44,30,+14,+0.48,,44.3,29.4,+14.8,+0.51,,Matches
183,Anwar El Ghazi\Anwar-El-Ghazi,nl NED,FWMF,Aston Villa,24,1995,25,1684,67,66.8,18.7,21,76,4,23,2,0.88,24,40,-16,-0.86,-0.21,23.0,36.4,-13.4,-0.72,+0.63,Matches
184,Morgan Gibbs-White\Morgan-Gibbs-White,eng ENG,MFFW,Wolves,19,2000,4,123,31,4.7,1.4,1,67,3,19,13,1.00,2,2,0,0.00,-0.25,1.2,2.2,-1.0,-0.71,-1.14,Matches
185,Ben Gibson\Ben-Gibson,eng ENG,DF,Burnley,26,1993,0,,,,,0,,0,,11,,,,,,,,,,,,Matches
186,Lewis Gibson\Lewis-Gibson,eng ENG,DF,Everton,19,2000,0,,,,,0,,0,,1,,,,,,,,,,,,Matches
187,Liam Gibson\Liam-Gibson,eng ENG,DF,Newcastle Utd,22,1997,0,,,,,0,,0,,1,,,,,,,,,,,,Matches
188,Billy Gilmour\Billy-Gilmour,sco SCO,MF,Chelsea,18,2001,3,99,33,3.8,1.1,1,90,2,5,3,2.33,4,1,+3,+2.73,+2.40,2.3,0.6,+1.7,+1.50,+0.77,Matches
189,Olivier Giroud\Olivier-Giroud,fr FRA,FW,Chelsea,32,1986,9,442,49,16.9,4.9,5,72,4,20,7,1.56,8,7,+1,+0.20,-0.25,7.4,5.2,+2.3,+0.46,-0.36,Matches
190,Ben Godfrey\Ben-Godfrey,eng ENG,DF,Norwich City,21,1998,21,1835,87,70.3,20.4,21,87,0,,1,0.86,20,39,-19,-0.93,0.00,24.6,34.1,-9.5,-0.46,-0.08,Matches
191,AndrÃ© Gomes\Andre-Gomes,pt POR,MF,Everton,26,1993,11,788,72,30.2,8.8,9,83,2,19,0,1.09,9,13,-4,-0.46,-0.21,10.7,9.4,+1.3,+0.15,0.00,Matches
192,Angel Gomes\Angel-Gomes,eng ENG,MF,Manchester Utd,18,2000,2,19,10,0.7,0.2,0,,2,10,3,1.50,0,1,-1,-4.74,-5.26,0.2,0.2,0.0,0.00,-0.52,Matches
193,Heurelho Gomes\Heurelho-Gomes,br BRA,GK,Watford,38,1981,0,,,,,0,,0,,29,,,,,,,,,,,,Matches
194,Joe Gomez\Joe-Gomez,eng ENG,DF,Liverpool,22,1997,19,1276,67,48.9,14.2,14,90,5,3,9,3.00,34,5,+29,+2.05,+0.97,30.5,13.5,+17.0,+1.20,+0.52,Matches
195,Mace Goodridge\Mace-Goodridge,eng ENG,MF,Burnley,19,1999,0,,,,,0,,0,,2,,,,,,,,,,,,Matches
196,Anthony Gordon\Anthony-Gordon,eng ENG,MFFW,Everton,18,2001,2,59,30,2.3,0.7,0,,2,30,5,0.50,0,0,0,0.00,+0.32,0.8,0.4,+0.5,+0.70,+0.56,Matches
197,Dan Gosling\Dan-Gosling,eng ENG,MF,Bournemouth,29,1990,16,883,55,33.8,9.8,10,80,6,13,2,0.69,6,16,-10,-1.02,-0.60,9.2,16.0,-6.8,-0.70,-0.39,Matches
198,Lee Grant\Lee-Grant,eng ENG,GK,Manchester Utd,36,1983,0,,,,,0,,0,,3,,,,,,,,,,,,Matches
199,Andre Gray\Andre-Gray,eng ENG,FW,Watford,28,1991,20,716,36,27.4,8.0,7,72,13,16,9,0.60,6,17,-11,-1.38,-1.10,11.2,13.2,-2.0,-0.25,+0.11,Matches
200,Demarai Gray\Demarai-Gray,eng ENG,MFFW,Leicester City,23,1996,14,411,29,15.7,4.6,2,76,12,22,9,2.21,13,4,+9,+1.97,+1.11,8.1,5.4,+2.8,+0.60,+0.23,Matches
201,Jack Grealish\Jack-Grealish,eng ENG,FWMF,Aston Villa,23,1995,26,2334,90,92.6,25.9,26,90,0,,0,0.96,32,52,-20,-0.77,+0.20,29.1,52.5,-23.3,-0.90,+0.35,Matches
202,Mason Greenwood\Mason-Greenwood,eng ENG,FWMF,Manchester Utd,17,2001,22,646,29,24.8,7.2,4,81,18,18,6,1.32,15,9,+6,+0.84,+0.47,12.7,6.2,+6.5,+0.91,+0.53,Matches
203,Arnaut Groeneveld\Arnaut-Groeneveld,nl NED,MF,Bournemouth,22,1997,9,407,45,15.6,4.5,4,76,5,20,1,0.33,3,6,-3,-0.66,-0.05,4.4,7.1,-2.7,-0.59,-0.18,Matches
204,Pascal GroÃŸ\Pascal-Gross,de GER,MFFW,Brighton,28,1991,23,1492,65,57.2,16.6,18,78,5,19,6,1.00,21,25,-4,-0.24,+0.08,20.8,22.7,-1.9,-0.12,+0.24,Matches
205,Vicente Guaita\Vicente-Guaita,es ESP,GK,Crystal Palace,32,1987,27,2430,90,93.1,27.0,27,90,0,,0,1.41,24,28,-4,-0.15,+0.85,26.0,33.8,-7.8,-0.29,+0.61,Matches
206,Marc GuÃ©hi\Marc-Guehi,eng ENG,DF,Chelsea,19,2000,0,,,,,0,,0,,3,,,,,,,,,,,,Matches
207,MattÃ©o Guendouzi\Matteo-Guendouzi,fr FRA,MF,Arsenal,20,1999,22,1591,72,63.1,17.7,17,88,5,20,5,1.41,23,27,-4,-0.23,-1.00,23.2,27.0,-3.9,-0.22,-0.16,Matches
208,Frederic Guilbert\Frederic-Guilbert,fr FRA,DF,Aston Villa,24,1994,23,1900,83,75.4,21.1,21,89,2,18,2,0.96,28,36,-8,-0.38,+1.65,24.5,41.0,-16.5,-0.78,+0.58,Matches
209,Ä°lkay GÃ¼ndoÄŸan\Ilkay-Gundogan,de GER,MF,Manchester City,28,1990,25,1589,64,63.1,17.7,17,84,8,19,2,1.92,34,26,+8,+0.45,-2.35,39.5,18.7,+20.8,+1.18,-0.59,Matches
210,Angus Gunn\Angus-Gunn,eng ENG,GK,Southampton,23,1996,10,900,90,34.5,10.0,10,90,0,,19,0.80,9,25,-16,-1.60,-1.55,12.6,15.3,-2.7,-0.27,-0.34,Matches
211,SÃ©bastien Haller\Sebastien-Haller,fr FRA,FW,West Ham,25,1994,27,2148,80,82.3,23.9,24,87,3,20,1,0.96,30,40,-10,-0.42,+0.56,29.8,43.4,-13.6,-0.57,+0.72,Matches
212,Grant Hanley\Grant-Hanley,sco SCO,DF,Norwich City,27,1991,15,1262,84,48.4,14.0,14,89,1,12,3,0.80,12,25,-13,-0.93,+0.01,14.9,22.0,-7.1,-0.51,-0.13,Matches
213,Joe Hart\Joe-Hart,eng ENG,GK,Burnley,32,1987,0,,,,,0,,0,,29,,,,,,,,,,,,Matches
214,Kortney Hause\Kortney-Hause,eng ENG,DF,Aston Villa,24,1995,11,990,90,39.3,11.0,11,90,0,,1,0.91,11,24,-13,-1.18,-0.65,11.0,23.5,-12.6,-1.14,-0.36,Matches
215,Isaac Hayden\Isaac-Hayden,eng ENG,MF,Newcastle Utd,24,1995,24,1968,82,75.4,21.9,23,85,1,16,2,1.29,21,28,-7,-0.32,+0.94,21.0,36.8,-15.9,-0.72,-0.09,Matches
216,Tom Heaton\Tom-Heaton,eng ENG,GK,Aston Villa,33,1986,20,1795,90,71.2,19.9,20,90,0,,0,1.05,26,35,-9,-0.45,+1.16,23.3,39.9,-16.6,-0.83,+0.33,Matches
217,Philip Heise\Philip-Heise,de GER,DFMF,Norwich City,28,1991,0,,,,,0,,0,,2,,,,,,,,,,,,Matches
218,Dean Henderson\Dean-Henderson,eng ENG,GK,Sheffield Utd,22,1997,27,2430,90,96.4,27.0,27,90,0,,0,1.56,27,22,+5,+0.19,+0.19,32.4,32.8,-0.4,-0.01,-0.10,Matches
219,Jordan Henderson\Jordan-Henderson,eng ENG,MF,Liverpool,29,1990,25,1891,76,72.5,21.0,22,85,3,10,1,2.92,46,9,+37,+1.76,+0.76,41.2,19.5,+21.7,+1.04,+0.37,Matches
220,Stephen Henderson\Stephen-Henderson,ie IRL,GK,Crystal Palace,31,1988,0,,,,,0,,0,,2,,,,,,,,,,,,Matches
221,Jeff Hendrick\Jeff-Hendrick,ie IRL,MF,Burnley,27,1992,24,1935,81,74.1,21.5,22,86,2,18,4,1.50,25,30,-5,-0.23,-0.10,26.3,27.6,-1.3,-0.06,+0.12,Matches
222,Wayne Hennessey\Wayne-Hennessey,wal WAL,GK,Crystal Palace,32,1987,2,180,90,6.9,2.0,2,90,0,,27,0.50,2,4,-2,-1.00,-0.85,2.3,4.1,-1.8,-0.90,-0.61,Matches
223,Javier HernÃ¡ndez\Javier-Hernandez,mx MEX,FW,West Ham,31,1988,2,107,54,4.1,1.2,1,83,1,24,0,0.50,1,4,-3,-2.52,-2.09,0.9,3.4,-2.4,-2.03,-1.39,Matches
224,Onel HernÃ¡ndez\Onel-Hernandez,cu CUB,FWMF,Norwich City,26,1993,17,757,45,29.0,8.4,7,87,10,15,2,0.53,9,15,-6,-0.71,+0.31,7.9,12.3,-4.3,-0.52,-0.11,Matches
225,Son Heung-min\Son-Heung-min,kr KOR,FW,Tottenham,27,1992,21,1748,83,67.0,19.4,20,85,1,45,0,1.52,33,24,+9,+0.46,+0.67,27.2,28.8,-1.6,-0.08,+0.20,Matches
226,Ki-Jana Hoever\Ki-Jana-Hoever,nl NED,DF,Liverpool,17,2002,0,,,,,0,,0,,1,,,,,,,,,,,,Matches
227,Rob Holding\Rob-Holding,eng ENG,DFFW,Arsenal,23,1995,2,86,43,3.4,1.0,1,77,1,9,7,0.50,1,3,-2,-2.09,-2.31,0.8,2.2,-1.3,-1.40,-1.28,Matches
228,JosÃ© Holebas\Jose-Holebas,gr GRE,DF,Watford,35,1984,12,1006,84,38.5,11.2,11,89,1,30,6,0.75,6,25,-19,-1.70,-1.81,11.9,20.2,-8.3,-0.74,-0.67,Matches
229,Mason Holgate\Mason-Holgate,eng ENG,DF,Everton,22,1996,22,1731,79,66.3,19.2,19,90,3,7,7,1.50,27,32,-5,-0.26,+0.15,29.1,25.5,+3.7,+0.19,+0.11,Matches
230,Nathan Holland\Nathan-Holland,eng ENG,MF,West Ham,21,1998,2,31,16,1.2,0.3,0,,2,16,0,0.00,0,1,-1,-2.90,-2.41,0.2,0.7,-0.5,-1.44,-0.76,Matches
231,Conor Hourihane\Conor-Hourihane,ie IRL,MF,Aston Villa,28,1991,18,948,53,37.6,10.5,11,75,7,17,9,1.00,14,26,-12,-1.14,-0.57,12.6,21.2,-8.6,-0.82,+0.18,Matches
232,Callum Hudson-Odoi\Callum-Hudson-Odoi,eng ENG,FW,Chelsea,18,2000,17,770,45,29.5,8.6,7,85,10,17,1,1.76,14,12,+2,+0.23,-0.26,16.1,7.2,+8.9,+1.04,+0.40,Matches
233,Will Hughes\Will-Hughes,eng ENG,MF,Watford,24,1995,21,1516,72,58.1,16.8,18,78,3,36,3,0.86,15,27,-12,-0.71,-0.30,17.7,27.7,-10.0,-0.59,-0.63,Matches
234,Pierre HÃ¸jbjerg\Pierre-Hojbjerg,dk DEN,MF,Southampton,23,1995,28,2447,87,93.8,27.2,27,90,1,17,0,1.21,34,48,-14,-0.51,+1.14,38.2,38.5,-0.3,-0.01,+0.50,Matches
235,Jordon Ibe\Jordon-Ibe,eng ENG,DF,Bournemouth,23,1995,2,48,24,1.8,0.5,0,,2,24,6,0.00,0,1,-1,-1.87,-1.28,0.5,0.8,-0.3,-0.55,-0.11,Matches
236,Adam Idah\Adam-Idah,ie IRL,FW,Norwich City,18,2001,3,68,23,2.6,0.8,1,65,2,2,5,0.33,0,3,-3,-3.97,-3.12,0.2,1.9,-1.7,-2.21,-1.82,Matches
237,Odion Ighalo\Odion-Ighalo,ng NGA,FW,Manchester Utd,30,1989,4,30,8,1.1,0.3,0,,4,8,0,2.50,1,0,+1,+3.00,+2.55,1.4,0.9,+0.5,+1.62,+1.12,Matches
238,Kelechi Iheanacho\Kelechi-Iheanacho,ng NGA,FW,Leicester City,22,1996,12,583,49,22.3,6.5,7,64,5,27,8,1.67,14,7,+7,+1.08,+0.06,14.1,8.7,+5.4,+0.83,+0.55,Matches
239,Danny Ings\Danny-Ings,eng ENG,FW,Southampton,27,1992,29,2006,69,76.9,22.3,23,81,6,22,0,1.17,27,35,-8,-0.36,+0.98,30.2,28.9,+1.3,+0.06,+0.44,Matches
240,Alex Iwobi\Alex-Iwobi,ng NGA,MFFW,Everton,23,1996,18,1170,65,44.8,13.0,13,76,5,36,4,1.00,19,26,-7,-0.54,-0.41,16.3,18.1,-1.8,-0.14,-0.53,Matches
241,Phil Jagielka\Phil-Jagielka,eng ENG,DF,Sheffield Utd,36,1982,4,128,32,5.1,1.4,1,90,3,13,22,2.50,4,3,+1,+0.70,+0.55,1.7,1.6,+0.1,+0.07,+0.09,Matches
242,Alireza Jahanbakhsh\Alireza-Jahanbakhsh,ir IRN,FWMF,Brighton,25,1993,8,287,36,11.0,3.2,3,69,5,16,8,0.88,4,3,+1,+0.31,+0.66,3.4,3.7,-0.3,-0.08,+0.15,Matches
243,Daniel James\Daniel-James,wal WAL,FW,Manchester Utd,21,1997,27,2175,81,83.3,24.2,25,85,2,24,1,1.52,33,27,+6,+0.25,-1.41,34.6,23.8,+10.8,+0.45,-0.39,Matches
244,Matty James\Matty-James,eng ENG,MF,Leicester City,28,1991,1,5,5,0.2,0.1,0,,1,5,0,0.00,0,0,0,0.00,-1.04,0.0,0.0,0.0,-0.87,-1.28,Matches
245,Reece James\Reece-James,eng ENG,DF,Chelsea,19,1999,17,1065,63,40.8,11.8,11,88,6,16,3,1.76,15,14,+1,+0.08,-0.56,19.6,11.1,+8.5,+0.72,-0.07,Matches
246,Daryl Janmaat\Daryl-Janmaat,nl NED,DF,Watford,30,1989,8,608,76,23.3,6.8,7,85,1,12,4,1.00,5,5,0,0.00,+0.76,7.9,7.5,+0.4,+0.06,+0.50,Matches
247,Gabriel Jesus\Gabriel-Jesus,br BRA,FW,Manchester City,22,1997,24,1337,56,53.1,14.9,13,84,11,22,1,2.00,38,12,+26,+1.75,+0.91,35.4,10.5,+24.9,+1.67,+0.59,Matches
248,RaÃºl JimÃ©nez\Raul-Jimenez,mx MEX,FW,Wolves,28,1991,29,2465,85,94.4,27.4,28,87,1,18,0,1.48,38,31,+7,+0.26,+0.26,37.1,24.6,+12.6,+0.46,+1.43,Matches
249,Joelinton\Joelinton,br BRA,FW,Newcastle Utd,22,1996,29,2237,77,85.7,24.9,27,81,2,24,0,1.21,15,36,-21,-0.84,-2.05,19.6,37.8,-18.2,-0.73,-0.20,Matches
250,Ryan John Giles\Ryan-John-Giles,eng ENG,MF,Wolves,19,2000,0,,,,,0,,0,,2,,,,,,,,,,,,Matches
251,Tyreece John-Jules\Tyreece-John-Jules,eng ENG,FW,Arsenal,18,2001,0,,,,,0,,0,,1,,,,,,,,,,,,Matches
252,Curtis Jones\Curtis-Jones,eng ENG,MF,Liverpool,18,2001,2,19,10,0.7,0.2,0,,2,10,6,3.00,0,0,0,0.00,-1.56,0.2,0.0,+0.2,+0.94,+0.01,Matches
253,Phil Jones\Phil-Jones,eng ENG,DF,Manchester Utd,27,1992,2,135,68,5.2,1.5,2,68,0,,10,0.50,0,3,-3,-2.00,-2.62,2.0,1.6,+0.4,+0.29,-0.24,Matches
254,Bruno JordÃ£o\Bruno-Jordao,pt POR,MF,Wolves,20,1998,0,,,,,0,,0,,3,,,,,,,,,,,,Matches
255,Jorginho\Jorginho,it ITA,MF,Chelsea,27,1991,26,2015,78,77.2,22.4,23,84,3,26,1,1.62,39,32,+7,+0.31,-0.44,39.1,22.1,+17.0,+0.76,-0.01,Matches
256,Jota\Jota,es ESP,FWMF,Aston Villa,28,1991,8,313,39,12.4,3.5,4,62,4,17,3,0.88,1,4,-3,-0.86,-0.09,2.6,5.2,-2.6,-0.75,+0.20,Matches
257,Diogo Jota\Diogo-Jota,pt POR,FWMF,Wolves,22,1996,25,1773,71,67.9,19.7,21,80,4,22,0,1.32,23,24,-1,-0.05,-0.91,24.4,19.3,+5.2,+0.26,-0.37,Matches
258,James Justin\James-Justin,eng ENG,DF,Leicester City,21,1998,4,200,50,7.7,2.2,2,90,2,10,25,3.00,7,1,+6,+2.70,+1.80,5.1,1.8,+3.3,+1.49,+1.17,Matches
259,Christian Kabasele\Christian-Kabasele,be BEL,DF,Watford,28,1991,19,1574,83,60.3,17.5,18,87,1,0,6,1.21,21,19,+2,+0.11,+1.76,21.3,22.1,-0.8,-0.05,+0.71,Matches
260,Lovre KaliniÄ‡\Lovre-Kalinic,hr CRO,GK,Aston Villa,29,1990,0,,,,,0,,0,,1,,,,,,,,,,,,Matches
261,Harry Kane\Harry-Kane,eng ENG,FW,Tottenham,26,1993,20,1780,89,68.2,19.8,20,89,0,,0,1.45,35,29,+6,+0.30,+0.19,25.5,24.5,+1.0,+0.05,+0.62,Matches
262,N'Golo KantÃ©\NGolo-Kante,fr FRA,MF,Chelsea,28,1991,18,1385,77,53.1,15.4,16,84,2,22,0,1.06,20,20,0,0.00,-0.88,23.5,13.5,+9.9,+0.65,-0.25,Matches
263,Moise Kean\Moise-Kean,it ITA,FWMF,Everton,19,2000,22,675,31,25.9,7.5,5,74,17,18,6,1.09,10,12,-2,-0.27,+0.06,12.9,9.1,+3.7,+0.50,+0.46,Matches
264,Michael Keane\Michael-Keane,eng ENG,DF,Everton,26,1993,22,1746,79,66.9,19.4,19,90,3,12,6,1.41,25,32,-7,-0.36,-0.15,28.4,26.8,+1.6,+0.08,-0.22,Matches
265,Naby KeÃ¯ta\Naby-Keita,gn GUI,MF,Liverpool,24,1995,9,368,41,14.1,4.1,4,75,5,13,9,2.78,10,2,+8,+1.96,+0.47,9.4,1.5,+7.9,+1.93,+1.16,Matches
266,Caoimhin Kelleher\Caoimhin-Kelleher,ie IRL,GK,Liverpool,20,1998,0,,,,,0,,0,,7,,,,,,,,,,,,Matches
267,Lloyd Kelly\Lloyd-Kelly,eng ENG,DF,Bournemouth,20,1998,0,,,,,0,,0,,5,,,,,,,,,,,,Matches
268,Martin Kelly\Martin-Kelly,eng ENG,DF,Crystal Palace,29,1990,19,1550,82,59.4,17.2,17,87,2,33,7,1.47,18,16,+2,+0.12,+0.80,15.6,23.5,-7.9,-0.46,-0.31,Matches
269,Kenedy\Kenedy,br BRA,FWMF,Chelsea,23,1996,0,,,,,0,,0,,1,,,,,,,,,,,,Matches
270,Gavin Kilkenny\Gavin-Kilkenny,ie IRL,MF,Bournemouth,19,2000,0,,,,,0,,0,,4,,,,,,,,,,,,Matches
271,Max Kilman\Max-Kilman,eng ENG,DF,Wolves,22,1997,3,184,61,7.0,2.0,2,90,1,4,21,1.33,1,2,-1,-0.49,-0.79,2.0,2.4,-0.4,-0.19,-0.61,Matches
272,Joshua King\Joshua-King,no NOR,FWMF,Bournemouth,27,1992,19,1467,77,56.2,16.3,17,84,2,23,0,1.11,17,22,-5,-0.31,+0.72,19.3,23.6,-4.3,-0.26,+0.41,Matches
273,Nya Kirby\Nya-Kirby,eng ENG,MF,Crystal Palace,19,2000,0,,,,,0,,0,,2,,,,,,,,,,,,Matches
274,Timm Klose\Timm-Klose,ch SUI,DF,Norwich City,31,1988,0,,,,,0,,0,,1,,,,,,,,,,,,Matches
275,Jonathan Kodjia\Jonathan-Kodjia,ci CIV,FWMF,Aston Villa,29,1989,6,111,19,4.4,1.2,0,,6,19,6,0.50,1,6,-5,-4.05,-3.42,1.7,3.5,-1.8,-1.43,-0.53,Matches
276,Ali Koiki\Ali-Koiki,eng ENG,DF,Burnley,18,2000,0,,,,,0,,0,,1,,,,,,,,,,,,Matches
277,Sead KolaÅ¡inac\Sead-Kolasinac,ba BIH,DF,Arsenal,26,1993,17,1107,65,43.9,12.3,13,78,4,25,2,1.47,18,19,-1,-0.08,-0.40,17.9,15.8,+2.0,+0.17,+0.58,Matches
278,Ezri Konsa\Ezri-Konsa,eng ENG,DF,Aston Villa,21,1998,15,1199,80,47.6,13.3,14,85,1,15,13,1.13,17,29,-12,-0.90,-0.22,12.9,29.8,-16.9,-1.27,-0.65,Matches
279,Cheikhou KouyatÃ©\Cheikhou-Kouyate,sn SEN,MF,Crystal Palace,29,1989,27,1993,74,76.4,22.1,23,84,4,17,2,1.41,19,23,-4,-0.18,+0.11,21.4,29.0,-7.6,-0.34,-0.04,Matches
280,Mateo KovaÄiÄ‡\Mateo-Kovacic,hr CRO,MF,Chelsea,25,1994,25,1683,67,64.5,18.7,18,85,7,22,2,1.68,32,29,+3,+0.16,-0.71,30.7,21.6,+9.1,+0.49,-0.77,Matches
281,Emil Krafth\Emil-Krafth,se SWE,DF,Newcastle Utd,24,1994,11,563,51,21.6,6.3,6,81,5,15,12,1.27,6,12,-6,-0.96,-0.52,3.5,9.2,-5.6,-0.90,-0.25,Matches
282,Tim Krul\Tim-Krul,nl NED,GK,Norwich City,31,1988,27,2430,90,93.1,27.0,27,90,0,,0,0.78,24,45,-21,-0.78,+2.22,29.9,42.0,-12.1,-0.45,-0.09,Matches
283,Alexandre Lacazette\Alexandre-Lacazette,fr FRA,FW,Arsenal,28,1991,20,1318,66,52.3,14.6,15,83,5,16,4,1.15,23,18,+5,+0.34,+0.42,20.4,23.1,-2.7,-0.18,-0.05,Matches
284,Adam Lallana\Adam-Lallana,eng ENG,MFFW,Liverpool,31,1988,15,373,25,14.3,4.1,3,74,12,13,10,2.67,9,5,+4,+0.97,-0.68,8.1,4.4,+3.7,+0.89,-0.05,Matches
285,Ã‰rik Lamela\Erik-Lamela,ar ARG,MFFW,Tottenham,27,1992,17,936,55,35.9,10.4,10,78,7,22,1,1.24,17,10,+7,+0.67,+0.67,14.8,15.9,-1.1,-0.10,+0.07,Matches
286,Tariq Lamptey\Tariq-Lamptey,eng ENG,DF,Chelsea,18,2000,1,31,31,1.2,0.3,0,,1,31,1,3.00,2,0,+2,+5.81,+5.46,1.5,0.2,+1.4,+3.92,+3.20,Matches
287,Henri Lansbury\Henri-Lansbury,eng ENG,MF,Aston Villa,28,1990,9,189,21,7.5,2.1,2,70,7,7,14,0.78,2,6,-4,-1.90,-1.21,2.3,4.4,-2.1,-0.99,-0.07,Matches
288,Manuel Lanzini\Manuel-Lanzini,ar ARG,MFFW,West Ham,26,1993,19,1188,63,45.5,13.2,12,84,7,26,4,0.79,13,24,-11,-0.83,-0.58,17.8,27.5,-9.7,-0.74,-0.07,Matches
289,Aymeric Laporte\Aymeric-Laporte,fr FRA,DF,Manchester City,25,1994,7,508,73,20.2,5.6,7,73,0,,0,2.71,14,3,+11,+1.95,+0.79,14.6,4.2,+10.5,+1.85,+0.57,Matches
290,Jamaal Lascelles\Jamaal-Lascelles,eng ENG,DF,Newcastle Utd,25,1993,19,1632,86,62.5,18.1,19,86,0,,0,1.26,13,25,-12,-0.66,-0.29,14.4,25.8,-11.3,-0.63,+0.21,Matches
291,Valentino Lazaro\Valentino-Lazaro,at AUT,DF,Newcastle Utd,23,1996,4,217,54,8.3,2.4,2,82,2,27,0,1.00,1,3,-2,-0.83,-0.30,1.7,3.3,-1.6,-0.67,+0.04,Matches
292,Moritz Leitner\Moritz-Leitner,de GER,MF,Norwich City,26,1992,9,685,76,26.2,7.6,7,82,2,55,2,0.44,7,16,-9,-1.18,-0.34,9.6,13.4,-3.8,-0.49,-0.07,Matches
293,Florian Lejeune\Florian-Lejeune,fr FRA,DF,Newcastle Utd,28,1991,6,441,74,16.9,4.9,4,86,2,49,6,0.83,5,10,-5,-1.02,-0.56,4.7,9.2,-4.5,-0.93,-0.27,Matches
294,Aaron Lennon\Aaron-Lennon,eng ENG,MF,Burnley,32,1987,16,485,30,18.6,5.4,4,82,12,13,10,1.31,3,15,-12,-2.23,-2.48,3.7,9.1,-5.4,-1.01,-1.12,Matches
295,Bernd Leno\Bernd-Leno,de GER,GK,Arsenal,27,1992,28,2520,90,100.0,28.0,28,90,0,,0,1.43,40,36,+4,+0.14,,36.3,40.7,-4.4,-0.16,,Matches
296,Jefferson Lerma\Jefferson-Lerma,co COL,MF,Bournemouth,24,1994,24,1945,81,74.5,21.6,22,86,2,29,1,1.08,24,32,-8,-0.37,+0.98,23.1,32.5,-9.3,-0.43,+0.04,Matches
297,Harry Lewis\Harry-Lewis,eng ENG,GK,Southampton,21,1997,0,,,,,0,,0,,1,,,,,,,,,,,,Matches
298,Jamal Lewis\Jamal-Lewis,nir NIR,DF,Norwich City,21,1998,19,1498,79,57.4,16.6,16,88,3,30,9,0.58,13,33,-20,-1.20,-0.64,17.3,30.9,-13.7,-0.82,-0.89,Matches
299,Victor LindelÃ¶f\Victor-Lindelof,se SWE,DF,Manchester Utd,25,1994,26,2340,90,89.7,26.0,26,90,0,,0,1.62,42,27,+15,+0.58,+0.91,40.8,26.9,+13.9,+0.54,+0.23,Matches
300,Jesse Lingard\Jesse-Lingard,eng ENG,MFFW,Manchester Utd,26,1992,20,891,45,34.1,9.9,9,73,11,21,2,1.40,14,14,0,0.00,-0.73,16.6,9.7,+7.0,+0.70,+0.29,Matches
301,Hugo Lloris\Hugo-Lloris,fr FRA,GK,Tottenham,32,1986,12,998,83,38.2,11.1,12,83,0,,0,1.75,22,14,+8,+0.72,+0.78,15.0,20.5,-5.5,-0.49,-0.56,Matches
302,Giovani Lo Celso\Giovani-Lo-Celso,ar ARG,MFFW,Tottenham,23,1996,19,869,46,33.3,9.7,7,86,12,22,4,1.16,12,11,+1,+0.10,-0.21,12.5,15.4,-2.9,-0.30,-0.23,Matches
303,JÃ¼rgen Locadia\Jurgen-Locadia,nl NED,MFFW,Brighton,25,1993,2,86,43,3.3,1.0,1,64,1,22,1,1.50,1,1,0,0.00,+0.29,0.5,1.6,-1.2,-1.25,-1.07,Matches
304,Ruben Loftus-Cheek\Ruben-Loftus-Cheek,eng ENG,MF,Chelsea,23,1996,0,,,,,0,,0,,2,,,,,,,,,,,,Matches
305,Andy Lonergan\Andy-Lonergan,ie IRL,GK,Liverpool,35,1983,0,,,,,0,,0,,2,,,,,,,,,,,,Matches
306,Kevin Long\Kevin-Long,ie IRL,MF,Burnley,28,1990,1,2,2,0.1,0.0,0,,1,2,19,0.00,0,0,0,0.00,+0.21,0.0,0.0,0.0,0.00,+0.09,Matches
307,Shane Long\Shane-Long,ie IRL,FW,Southampton,32,1987,19,1141,60,43.7,12.7,13,79,6,19,4,1.37,17,19,-2,-0.16,+0.76,18.5,16.7,+1.8,+0.14,+0.32,Matches
308,Matthew Longstaff\Matthew-Longstaff,eng ENG,MF,Newcastle Utd,19,2000,7,545,78,20.9,6.1,6,90,1,5,10,1.29,7,9,-2,-0.33,+0.28,3.9,7.7,-3.8,-0.62,+0.10,Matches
309,Sean Longstaff\Sean-Longstaff,eng ENG,MF,Newcastle Utd,21,1997,21,1298,62,49.7,14.4,13,88,8,20,3,1.10,12,24,-12,-0.83,-0.56,9.2,20.4,-11.2,-0.77,-0.14,Matches
310,Jonas LÃ¶ssl\Jonas-Lossl,dk DEN,GK,Everton,30,1989,0,,,,,0,,0,,13,,,,,,,,,,,,Matches
311,Dejan Lovren\Dejan-Lovren,hr CRO,DF,Liverpool,30,1989,9,760,84,29.1,8.4,9,84,0,,6,2.67,19,11,+8,+0.95,-0.85,15.4,10.0,+5.4,+0.64,-0.41,Matches
312,Matthew Lowton\Matthew-Lowton,eng ENG,DF,Burnley,30,1989,15,1350,90,51.7,15.0,15,90,0,,9,1.07,16,26,-10,-0.67,-0.95,15.4,19.7,-4.3,-0.28,-0.40,Matches
313,David Luiz\David-Luiz,br BRA,DF,Arsenal,32,1987,25,2185,87,86.7,24.3,25,87,0,,3,1.36,34,30,+4,+0.16,+0.16,33.3,37.0,-3.7,-0.15,+0.05,Matches
314,Douglas Luiz\Douglas-Luiz,br BRA,MF,Aston Villa,21,1998,26,1714,66,68.0,19.0,18,87,8,19,1,0.92,22,40,-18,-0.95,-0.50,20.5,42.7,-22.2,-1.16,-0.74,Matches
315,John Lundstram\John-Lundstram,eng ENG,MF,Sheffield Utd,25,1994,27,2069,77,82.1,23.0,23,87,4,18,0,1.59,25,20,+5,+0.22,+0.22,27.2,27.6,-0.4,-0.02,-0.03,Matches
316,Alexis Mac Allister\Alexis-Mac-Allister,ar ARG,FW,Brighton,20,1998,1,10,10,0.4,0.1,0,,1,10,0,1.00,0,0,0,0.00,+0.28,0.0,0.1,-0.1,-0.89,-0.68,Matches
317,James Maddison\James-Maddison,eng ENG,MF,Leicester City,22,1996,28,2404,86,92.1,26.7,27,88,1,26,0,1.79,49,25,+24,+0.90,-1.72,43.7,33.0,+10.6,+0.40,-0.12,Matches
318,Harry Maguire\Harry-Maguire,eng ENG,DF,Manchester Utd,26,1993,29,2610,90,100.0,29.0,29,90,0,,0,1.55,44,30,+14,+0.48,,44.3,29.4,+14.8,+0.51,,Matches
319,Riyad Mahrez\Riyad-Mahrez,dz ALG,FWMF,Manchester City,28,1991,23,1385,60,55.0,15.4,15,82,8,19,5,1.96,44,11,+33,+2.14,+1.83,38.9,13.6,+25.3,+1.64,+0.54,Matches
320,Archie Mair\Archie-Mair,sco SCO,GK,Norwich City,18,2001,0,,,,,0,,0,,1,,,,,,,,,,,,Matches
321,Ainsley Maitland-Niles\Ainsley-Maitland-Niles,eng ENG,DF,Arsenal,21,1997,14,1210,86,48.0,13.4,14,86,0,,4,1.50,17,18,-1,-0.07,-0.42,18.4,17.6,+0.8,+0.06,+0.42,Matches
322,Sadio ManÃ©\Sadio-Mane,sn SEN,FW,Liverpool,27,1992,26,2084,80,79.8,23.2,24,85,2,23,1,2.81,51,18,+33,+1.43,-0.63,44.1,23.1,+21.0,+0.91,-0.14,Matches
323,Javier Manquillo\Javier-Manquillo,es ESP,DF,Newcastle Utd,25,1994,13,962,74,36.9,10.7,11,84,2,18,4,1.23,8,12,-4,-0.37,+0.28,10.1,14.9,-4.8,-0.45,+0.40,Matches
324,Solly March\Solly-March,eng ENG,DFFW,Brighton,25,1994,13,885,68,33.9,9.8,9,83,4,35,5,0.62,10,12,-2,-0.20,+0.11,10.5,14.2,-3.7,-0.38,-0.23,Matches
325,Pablo MarÃ­\Pablo-Mari,es ESP,DF,Arsenal,25,1993,1,90,90,3.6,1.0,1,90,0,,0,3.00,1,0,+1,+1.00,+0.89,1.3,1.8,-0.5,-0.51,-0.36,Matches
326,Adrian Mariappa\Adrian-Mariappa,jm JAM,DF,Watford,32,1986,15,1226,82,47.0,13.6,13,87,2,45,5,1.00,13,25,-12,-0.88,-0.56,15.7,26.3,-10.6,-0.78,-0.85,Matches
327,Anthony Martial\Anthony-Martial,fr FRA,FW,Manchester Utd,23,1995,23,1885,82,72.2,20.9,22,85,1,6,0,1.61,36,21,+15,+0.72,+0.84,32.9,22.5,+10.4,+0.50,-0.05,Matches
328,David Martin\David-Martin,eng ENG,GK,West Ham,33,1986,5,435,87,16.7,4.8,4,90,1,75,8,1.20,3,6,-3,-0.62,-0.12,3.7,8.0,-4.3,-0.89,-0.23,Matches
329,Cuco Martina\Cuco-Martina,cw CUW,DFMF,Everton,29,1989,0,,,,,0,,0,,1,,,,,,,,,,,,Matches
330,Martinelli\Martinelli,br BRA,FW,Arsenal,18,2001,14,656,47,26.0,7.3,6,90,8,15,8,1.21,7,9,-2,-0.27,-0.56,8.3,11.4,-3.1,-0.42,-0.36,Matches
331,Emiliano MartÃ­nez\Emiliano-Martinez,ar ARG,GK,Arsenal,26,1992,0,,,,,0,,0,,28,,,,,,,,,,,,Matches
332,Adam Masina\Adam-Masina,it ITA,DF,Watford,25,1994,17,1222,72,46.8,13.6,13,89,4,17,3,1.12,12,19,-7,-0.52,+0.13,14.3,19.7,-5.4,-0.40,-0.14,Matches
333,Arthur Masuaku\Arthur-Masuaku,cd COD,DF,West Ham,25,1993,15,909,61,34.8,10.1,10,81,5,20,4,1.07,7,18,-11,-1.09,-0.88,10.6,21.6,-11.0,-1.09,-0.60,Matches
334,Juan Mata\Juan-Mata,es ESP,MFFW,Manchester Utd,31,1988,17,733,43,28.1,8.1,8,78,9,12,12,1.06,9,8,+1,+0.12,-0.50,12.0,7.2,+4.8,+0.58,+0.10,Matches
335,Nemanja MatiÄ‡\Nemanja-Matic,rs SRB,MF,Manchester Utd,30,1988,12,961,80,36.8,10.7,11,85,1,22,6,1.67,15,8,+7,+0.66,+0.27,15.9,10.7,+5.2,+0.48,-0.05,Matches
336,JoÃ«l Matip\Joel-Matip,cm CMR,DF,Liverpool,27,1991,8,630,79,24.1,7.0,7,90,1,0,7,2.75,15,5,+10,+1.43,-0.16,11.2,6.9,+4.3,+0.61,-0.42,Matches
337,Neal Maupay\Neal-Maupay,fr FRA,FW,Brighton,22,1996,28,2114,76,81.0,23.5,23,87,5,24,1,1.00,26,28,-2,-0.09,+1.00,28.5,33.8,-5.3,-0.23,-0.03,Matches
338,Konstantinos Mavropanos\Konstantinos-Mavropanos,gr GRE,DF,Arsenal,21,1997,0,,,,,0,,0,,3,,,,,,,,,,,,Matches
339,James McArthur\James-McArthur,sco SCO,MF,Crystal Palace,31,1987,28,2433,87,93.2,27.0,28,87,0,,0,1.39,25,25,0,0.00,+3.05,26.3,35.3,-9.0,-0.33,+0.01,Matches
340,Oliver McBurnie\Oliver-McBurnie,sco SCO,FW,Sheffield Utd,23,1996,26,1435,55,56.9,15.9,15,80,11,21,2,1.58,16,15,+1,+0.06,-0.27,20.5,21.0,-0.5,-0.03,-0.05,Matches
341,Alex McCarthy\Alex-McCarthy,eng ENG,GK,Southampton,29,1989,19,1710,90,65.5,19.0,19,90,0,,8,1.37,26,27,-1,-0.05,+1.55,27.2,25.7,+1.4,+0.08,+0.34,Matches
342,James McCarthy\James-McCarthy,ie IRL,MF,Crystal Palace,28,1990,24,1172,49,44.9,13.0,12,83,12,15,5,1.33,14,16,-2,-0.15,+0.10,13.9,15.3,-1.4,-0.10,+0.41,Matches
343,John McGinn\John-McGinn,sco SCO,MF,Aston Villa,24,1994,18,1538,85,61.0,17.1,18,85,0,,0,0.83,23,30,-7,-0.41,+0.97,20.8,32.8,-12.0,-0.70,+0.57,Matches
344,David McGoldrick\David-McGoldrick,ie IRL,FW,Sheffield Utd,31,1987,21,1361,65,54.0,15.1,16,78,5,22,1,1.52,18,13,+5,+0.33,+0.33,19.7,16.6,+3.1,+0.20,+0.46,Matches
345,Michael McGovern\Michael-McGovern,nir NIR,GK,Norwich City,35,1984,2,158,79,6.1,1.8,1,90,1,68,9,0.00,1,6,-5,-2.85,-2.04,3.7,3.6,+0.1,+0.04,+0.52,Matches
346,Giovanni McGregor\Giovanni-McGregor,eng ENG,MF,Crystal Palace,20,1999,0,,,,,0,,0,,2,,,,,,,,,,,,Matches
347,Kenny McLean\Kenny-McLean,sco SCO,MF,Norwich City,27,1992,28,2289,82,87.7,25.4,25,90,3,14,1,0.64,17,45,-28,-1.10,-1.38,29.3,42.0,-12.7,-0.50,-0.46,Matches
348,Dwight McNeil\Dwight-McNeil,eng ENG,MF,Burnley,19,1999,29,2535,87,97.1,28.2,29,87,0,,0,1.34,32,38,-6,-0.21,-0.21,32.5,33.5,-1.0,-0.04,+1.92,Matches
349,Scott McTominay\Scott-McTominay,sco SCO,MF,Manchester Utd,22,1996,20,1549,77,59.3,17.2,18,85,2,12,0,1.65,25,18,+7,+0.41,-0.19,25.5,17.3,+8.2,+0.48,-0.08,Matches
350,Ben Mee\Ben-Mee,eng ENG,DF,Burnley,29,1989,29,2610,90,100.0,29.0,29,90,0,,0,1.34,34,40,-6,-0.21,,33.3,36.0,-2.7,-0.09,,Matches
351,Benjamin Mendy\Benjamin-Mendy,fr FRA,DF,Manchester City,25,1994,14,1116,80,44.3,12.4,13,85,1,13,5,2.29,35,12,+23,+1.85,+0.96,29.3,9.6,+19.7,+1.59,+0.34,Matches
352,Nampalys Mendy\Nampalys-Mendy,fr FRA,MF,Leicester City,27,1992,5,202,40,7.7,2.2,3,65,2,4,0,2.40,5,3,+2,+0.89,-0.16,5.7,2.4,+3.2,+1.44,+1.12,Matches
353,Chris Mepham\Chris-Mepham,wal WAL,DF,Bournemouth,21,1997,11,900,82,34.5,10.0,10,90,1,0,9,0.73,5,19,-14,-1.40,-1.19,7.0,14.4,-7.5,-0.75,-0.47,Matches
354,Max Meyer\Max-Meyer,de GER,MFFW,Crystal Palace,23,1995,13,545,42,20.9,6.1,6,74,7,15,11,0.85,5,7,-2,-0.33,-0.16,4.8,8.6,-3.8,-0.63,-0.37,Matches
355,Luka MilivojeviÄ‡\Luka-Milivojevic,rs SRB,MF,Crystal Palace,28,1991,23,1986,86,76.1,22.1,22,89,1,20,1,1.22,18,26,-8,-0.36,-0.65,20.1,28.6,-8.5,-0.39,-0.22,Matches
356,James Milner\James-Milner,eng ENG,MFDF,Liverpool,33,1986,18,759,42,29.1,8.4,7,88,11,13,4,3.00,22,7,+15,+1.78,+0.32,17.6,8.3,+9.3,+1.10,+0.24,Matches
357,Yerry Mina\Yerry-Mina,co COL,DF,Everton,24,1994,25,2085,83,79.9,23.2,23,90,2,8,2,1.32,27,36,-9,-0.39,-0.39,31.0,29.0,+2.0,+0.09,-0.33,Matches
358,Takumi Minamino\Takumi-Minamino,jp JPN,FWMF,Liverpool,24,1995,3,77,26,3.0,0.9,0,,3,26,5,2.00,2,1,+1,+1.17,-0.39,2.1,1.7,+0.4,+0.49,-0.45,Matches
359,Tyrone Mings\Tyrone-Mings,eng ENG,DF,Aston Villa,26,1993,23,2003,87,79.5,22.3,23,87,0,,0,0.96,29,42,-13,-0.58,+0.98,25.0,43.0,-18.0,-0.81,+0.58,Matches
360,Tyrick Mitchell\Tyrick-Mitchell,eng ENG,DF,Crystal Palace,19,1999,0,,,,,0,,0,,2,,,,,,,,,,,,Matches
361,Henrikh Mkhitaryan\Henrikh-Mkhitaryan,am ARM,FW,Arsenal,30,1989,3,111,37,4.4,1.2,1,84,2,14,1,1.33,2,0,+2,+1.62,+1.55,1.6,0.5,+1.1,+0.91,+1.12,Matches
362,Nacho Monreal\Nacho-Monreal,es ESP,DF,Arsenal,33,1986,3,270,90,10.7,3.0,3,90,0,,0,2.00,4,4,0,0.00,-0.16,2.8,4.1,-1.3,-0.44,-0.31,Matches
363,MartÃ­n Montoya\Martin-Montoya,es ESP,DF,Brighton,28,1991,23,1711,74,65.6,19.0,21,80,2,18,2,1.09,17,25,-8,-0.42,-0.42,22.2,26.6,-4.4,-0.23,-0.03,Matches
364,Simon Moore\Simon-Moore,eng ENG,GK,Sheffield Utd,29,1990,1,90,90,3.6,1.0,1,90,0,,16,1.00,3,3,0,0.00,-0.19,1.2,1.2,+0.1,+0.09,+0.10,Matches
365,Aaron Mooy\Aaron-Mooy,au AUS,MFFW,Brighton,28,1990,22,1658,75,63.5,18.4,20,82,2,8,5,0.91,18,24,-6,-0.33,-0.14,20.7,27.5,-6.8,-0.37,-0.41,Matches
366,Wesley Moraes\Wesley-Moraes,br BRA,FW,Aston Villa,22,1996,21,1790,85,71.0,19.9,21,85,0,,0,1.00,26,31,-5,-0.25,+1.84,21.9,38.5,-16.6,-0.84,+0.31,Matches
367,Wes Morgan\Wes-Morgan,jm JAM,DF,Leicester City,35,1984,8,159,20,6.1,1.8,1,90,7,10,18,2.75,7,1,+6,+3.40,+2.51,4.9,2.3,+2.6,+1.45,+1.11,Matches
368,Ravel Morrison\Ravel-Morrison,eng ENG,MF,Sheffield Utd,26,1993,1,12,12,0.5,0.1,0,,1,12,1,0.00,0,0,0,0.00,-0.18,0.2,0.0,+0.2,+1.66,+1.68,Matches
369,Mason Mount\Mason-Mount,eng ENG,MFFW,Chelsea,20,1999,29,2302,79,88.2,25.6,25,86,4,40,0,1.66,47,33,+14,+0.55,+1.13,43.5,25.1,+18.4,+0.72,-0.37,Matches
370,Lucas Moura\Lucas-Moura,br BRA,FWMF,Tottenham,26,1992,27,1683,62,64.5,18.7,18,84,9,20,2,1.37,29,23,+6,+0.32,+0.22,26.1,25.4,+0.7,+0.04,+0.52,Matches
371,Lys Mousset\Lys-Mousset,fr FRA,FW,Sheffield Utd,23,1996,23,1018,44,40.4,11.3,10,69,13,25,2,1.52,15,11,+4,+0.35,+0.29,12.0,14.0,-2.0,-0.17,-0.27,Matches
372,JoÃ£o Moutinho\Joao-Moutinho,pt POR,MF,Wolves,32,1986,29,2436,84,93.3,27.1,27,89,2,20,0,1.48,39,32,+7,+0.26,+0.26,35.6,26.5,+9.1,+0.34,-0.64,Matches
373,Glenn Murray\Glenn-Murray,eng ENG,FW,Brighton,35,1983,19,704,37,27.0,7.8,6,79,13,18,9,1.00,10,10,0,0.00,+0.38,10.3,9.9,+0.4,+0.05,+0.37,Matches
374,Shkodran Mustafi\Shkodran-Mustafi,de GER,DF,Arsenal,27,1992,8,620,78,24.6,6.9,6,90,2,40,2,1.38,12,9,+3,+0.44,+0.39,8.7,11.7,-3.1,-0.44,-0.38,Matches
375,Yoshinori MutÅ\Yoshinori-Muto,jp JPN,FWMF,Newcastle Utd,27,1992,7,201,29,7.7,2.2,2,68,5,13,3,0.57,1,6,-5,-2.24,-1.83,1.7,4.1,-2.4,-1.09,-0.42,Matches
376,Georges-KÃ©vin N'Koudou\Georges-Kevin-NKoudou,fr FRA,FW,Tottenham,24,1995,1,2,2,0.1,0.0,0,,1,2,0,3.00,1,0,+1,+45.00,+44.79,0.1,0.1,0.0,+1.13,+1.28,Matches
377,Marvelous Nakamba\Marvelous-Nakamba,zw ZIM,MF,Aston Villa,25,1994,21,1634,78,64.8,18.2,18,83,3,46,3,0.86,22,35,-13,-0.72,+0.20,20.3,36.9,-16.5,-0.91,+0.04,Matches
378,Wilfred Ndidi\Wilfred-Ndidi,ng NGA,MF,Leicester City,22,1996,23,1892,82,72.5,21.0,20,90,3,33,0,2.09,48,19,+29,+1.38,+1.25,35.5,25.8,+9.7,+0.46,+0.20,Matches
379,Tanguy Ndombele\Tanguy-Ndombele,fr FRA,MF,Tottenham,22,1996,19,944,50,36.2,10.5,12,67,7,20,2,1.11,16,16,0,0.00,-0.38,12.7,15.4,-2.7,-0.25,-0.17,Matches
380,Reiss Nelson\Reiss-Nelson,eng ENG,FW,Arsenal,19,1999,11,460,42,18.3,5.1,5,75,6,14,7,1.82,5,4,+1,+0.20,+0.06,6.0,6.8,-0.8,-0.16,0.00,Matches
381,Pedro Neto\Pedro-Neto,pt POR,FWMF,Wolves,19,2000,21,727,35,27.9,8.1,7,75,14,14,6,1.57,15,8,+7,+0.87,+0.87,12.3,7.0,+5.4,+0.66,+0.39,Matches
382,RÃºben Neves\Ruben-Neves,pt POR,MF,Wolves,22,1997,29,2281,79,87.4,25.3,26,85,3,24,0,1.48,38,29,+9,+0.36,+0.90,34.1,24.3,+9.8,+0.39,+0.05,Matches
383,Jeremy Ngakia\Jeremy-Ngakia,eng ENG,DF,West Ham,18,2000,4,360,90,13.8,4.0,4,90,0,,2,0.75,5,7,-2,-0.50,+0.02,5.7,7.5,-1.8,-0.45,+0.29,Matches
384,Oumar Niasse\Oumar-Niasse,sn SEN,FW,Everton,29,1990,3,19,6,0.7,0.2,0,,3,6,1,1.00,0,2,-2,-9.47,-9.23,0.2,0.9,-0.7,-3.42,-3.60,Matches
385,Eddie Nketiah\Eddie-Nketiah,eng ENG,FW,Arsenal,20,1999,5,251,50,10.0,2.8,3,78,2,9,1,2.20,5,3,+2,+0.72,+0.64,3.5,4.2,-0.7,-0.25,-0.10,Matches
386,Dan Nlundulu\Dan-Nlundulu,eng ENG,FW,Southampton,20,1999,0,,,,,0,,0,,1,,,,,,,,,,,,Matches
387,Mark Noble\Mark-Noble,eng ENG,MF,West Ham,32,1987,26,2147,83,82.3,23.9,26,83,0,,1,1.00,31,37,-6,-0.25,+1.50,26.6,43.0,-16.4,-0.69,+0.05,Matches
388,Oliver Norwood\Oliver-Norwood,nir NIR,MF,Sheffield Utd,28,1991,28,2382,85,94.5,26.5,28,85,0,,0,1.54,28,25,+3,+0.11,-1.19,30.6,31.8,-1.3,-0.05,-0.69,Matches
389,Ã˜rjan Nyland\Orjan-Nyland,no NOR,GK,Aston Villa,28,1990,3,177,59,7.0,2.0,1,90,2,44,14,1.00,2,8,-6,-3.05,-2.44,1.8,4.2,-2.4,-1.22,-0.31,Matches
390,Jack O'Connell\Jack-OConnell,eng ENG,DF,Sheffield Utd,25,1994,28,2520,90,100.0,28.0,28,90,0,,0,1.54,30,25,+5,+0.18,,33.7,34.0,-0.3,-0.01,,Matches
391,Michael Obafemi\Michael-Obafemi,ie IRL,FW,Southampton,19,2000,15,483,32,18.5,5.4,5,71,10,13,7,1.27,7,10,-3,-0.56,+0.03,6.5,8.5,-2.0,-0.37,-0.40,Matches
392,Angelo Ogbonna\Angelo-Ogbonna,it ITA,DF,West Ham,31,1988,24,2160,90,82.8,24.0,24,90,0,,4,1.08,31,36,-5,-0.21,+1.79,27.1,42.6,-15.5,-0.65,+0.28,Matches
393,Divock Origi\Divock-Origi,be BEL,FW,Liverpool,24,1995,22,516,23,19.8,5.7,5,63,17,12,6,2.77,21,10,+11,+1.92,+0.46,12.4,9.1,+3.3,+0.58,-0.44,Matches
394,Ben Osborn\Ben-Osborn,eng ENG,DFMF,Sheffield Utd,24,1994,7,124,18,4.9,1.4,0,,7,18,13,2.43,1,0,+1,+0.73,+0.58,1.7,1.8,-0.1,-0.10,-0.09,Matches
395,NicolÃ¡s Otamendi\Nicolas-Otamendi,ar ARG,DF,Manchester City,31,1988,19,1413,74,56.1,15.7,15,88,4,23,7,1.95,39,19,+20,+1.27,-0.11,40.5,15.9,+24.6,+1.57,+0.38,Matches
396,Owen Otasowie\Owen-Otasowie,eng ENG,MF,Wolves,18,2001,0,,,,,0,,0,,3,,,,,,,,,,,,Matches
397,Alex Oxlade-Chamberlain\Alex-Oxlade-Chamberlain,eng ENG,MFFW,Liverpool,25,1993,21,1108,53,42.5,12.3,13,74,8,19,4,2.76,28,7,+21,+1.71,+0.27,24.0,12.7,+11.3,+0.92,-0.02,Matches
398,Mesut Ã–zil\Mesut-Ozil,de GER,MF,Arsenal,30,1988,18,1449,81,57.5,16.1,18,81,0,,2,1.33,24,20,+4,+0.25,+0.25,20.1,23.4,-3.3,-0.21,-0.11,Matches
399,Emerson Palmieri\Emerson-Palmieri,it ITA,DF,Chelsea,24,1994,14,1023,73,39.2,11.4,13,78,1,15,5,1.07,13,21,-8,-0.70,-1.84,19.6,11.5,+8.0,+0.71,-0.09,Matches
400,Sokratis Papastathopoulos\Sokratis-Papastathopoulos,gr GRE,DF,Arsenal,31,1988,19,1697,89,67.3,18.9,19,89,0,,5,1.53,27,25,+2,+0.11,-0.11,25.2,26.9,-1.7,-0.09,+0.22,Matches
401,Troy Parrott\Troy-Parrott,ie IRL,MF,Tottenham,17,2002,2,5,3,0.2,0.1,0,,2,3,1,1.50,0,0,0,0.00,-0.24,0.2,0.0,+0.2,+3.42,+3.58,Matches
402,Rui PatrÃ­cio\Rui-Patricio,pt POR,GK,Wolves,31,1988,29,2610,90,100.0,29.0,29,90,0,,0,1.48,41,34,+7,+0.24,,38.9,27.9,+11.0,+0.38,,Matches
403,Pedro\Pedro,es ESP,FW,Chelsea,32,1987,9,656,73,25.1,7.3,8,81,1,6,8,1.00,10,12,-2,-0.27,-0.92,12.2,8.0,+4.1,+0.57,-0.26,Matches
404,JoÃ£o Pedro\Joao-Pedro,br BRA,FW,Watford,17,2001,0,,,,,0,,0,,1,,,,,,,,,,,,Matches
405,Nicolas PÃ©pÃ©\Nicolas-Pepe,ci CIV,FW,Arsenal,24,1995,24,1594,66,63.3,17.7,17,83,7,26,4,1.50,30,25,+5,+0.28,+0.38,24.2,26.7,-2.5,-0.14,+0.05,Matches
406,Andreas Pereira\Andreas-Pereira,br BRA,MFFW,Manchester Utd,23,1996,23,1453,63,55.7,16.1,18,77,5,14,4,1.61,24,16,+8,+0.50,+0.03,23.1,16.3,+6.7,+0.42,-0.21,Matches
407,Ricardo Pereira\Ricardo-Pereira,pt POR,DF,Leicester City,25,1993,28,2520,90,96.6,28.0,28,90,0,,0,1.79,56,27,+29,+1.04,+0.04,45.0,34.3,+10.7,+0.38,-0.76,Matches
408,Roberto Pereyra\Roberto-Pereyra,ar ARG,FWMF,Watford,28,1991,23,1327,58,50.8,14.7,13,79,10,30,1,1.04,13,17,-4,-0.27,+0.64,17.1,18.2,-1.1,-0.08,+0.51,Matches
409,Ayoze PÃ©rez\Ayoze-Perez,es ESP,MFFW,Leicester City,26,1993,25,1594,64,61.1,17.7,21,73,4,17,4,1.72,32,17,+15,+0.85,-0.48,26.5,18.3,+8.2,+0.47,+0.15,Matches
410,Taylor Perry\Taylor-Perry,eng ENG,MF,Wolves,18,2001,0,,,,,0,,0,,3,,,,,,,,,,,,Matches
411,Nathaniel Phillips\Nathaniel-Phillips,eng ENG,DF,Liverpool,22,1997,0,,,,,0,,0,,2,,,,,,,,,,,,Matches
412,Jordan Pickford\Jordan-Pickford,eng ENG,GK,Everton,25,1994,29,2610,90,100.0,29.0,29,90,0,,0,1.28,37,46,-9,-0.31,,41.5,37.0,+4.5,+0.15,,Matches
413,Brandon Pierrick\Brandon-Pierrick,eng ENG,DF,Crystal Palace,17,2001,1,7,7,0.3,0.1,0,,1,7,7,1.00,1,0,+1,+12.86,+13.10,0.9,0.0,+0.9,+11.52,+11.89,Matches
414,Erik Pieters\Erik-Pieters,nl NED,DF,Burnley,30,1988,15,1234,82,47.3,13.7,14,84,1,54,12,1.00,15,29,-14,-1.02,-1.54,14.0,16.0,-2.0,-0.15,-0.10,Matches
415,Daniel Podence\Daniel-Podence,pt POR,MFFW,Wolves,23,1995,4,42,11,1.6,0.5,0,,4,11,1,1.50,0,0,0,0.00,-0.25,1.1,0.7,+0.4,+0.83,+0.46,Matches
416,Paul Pogba\Paul-Pogba,fr FRA,MF,Manchester Utd,26,1993,7,521,74,20.0,5.8,5,90,2,36,0,1.29,9,5,+4,+0.69,+0.26,10.3,5.1,+5.3,+0.91,+0.50,Matches
417,Nick Pope\Nick-Pope,eng ENG,GK,Burnley,27,1992,29,2610,90,100.0,29.0,29,90,0,,0,1.34,34,40,-6,-0.21,,33.3,36.0,-2.7,-0.09,,Matches
418,Dennis Praet\Dennis-Praet,be BEL,MF,Leicester City,25,1994,21,970,46,37.2,10.8,11,72,10,18,5,1.62,21,10,+11,+1.02,-0.02,16.7,15.0,+1.7,+0.15,-0.40,Matches
419,Sebastian PrÃ¶dl\Sebastian-Prodl,at AUT,DF,Watford,32,1987,1,57,57,2.2,0.6,1,57,0,,1,1.00,0,0,0,0.00,+0.60,1.3,0.5,+0.9,+1.36,+1.73,Matches
420,Davy PrÃ¶pper\Davy-Propper,nl NED,MF,Brighton,27,1991,26,2340,90,89.7,26.0,26,90,0,,1,1.00,28,36,-8,-0.31,-0.31,31.2,35.3,-4.1,-0.16,+0.62,Matches
421,Teemu Pukki\Teemu-Pukki,fi FIN,FW,Norwich City,29,1990,28,2486,89,95.2,27.6,28,89,0,,0,0.75,23,47,-24,-0.87,+1.31,31.0,43.4,-12.4,-0.45,-0.20,Matches
422,Christian Pulisic\Christian-Pulisic,us USA,FW,Chelsea,20,1998,16,1076,67,41.2,12.0,12,82,4,23,4,1.50,21,19,+2,+0.17,-0.42,20.6,12.5,+8.1,+0.68,-0.14,Matches
423,Ignacio Pussetto\Ignacio-Pussetto,ar ARG,FWMF,Watford,23,1995,6,56,9,2.1,0.6,0,,6,9,0,0.83,0,2,-2,-3.21,-2.69,0.1,1.9,-1.8,-2.87,-2.60,Matches
424,Domingos Quina\Domingos-Quina,pt POR,MF,Watford,19,1999,4,18,5,0.7,0.2,0,,4,5,9,0.75,1,2,-1,-5.00,-4.44,0.5,0.6,-0.1,-0.33,-0.01,Matches
425,Aaron Ramsdale\Aaron-Ramsdale,eng ENG,GK,Bournemouth,21,1998,28,2520,90,96.6,28.0,28,90,0,,0,0.96,29,44,-15,-0.54,+2.46,32.3,43.4,-11.2,-0.40,+1.22,Matches
426,Darren Randolph\Darren-Randolph,ie IRL,GK,West Ham,32,1987,2,180,90,6.9,2.0,2,90,0,,6,0.50,2,5,-3,-1.50,-1.06,2.8,4.2,-1.4,-0.72,-0.03,Matches
427,Marcus Rashford\Marcus-Rashford,eng ENG,FW,Manchester Utd,21,1997,22,1882,86,72.1,20.9,22,86,0,,0,1.55,35,23,+12,+0.57,+0.33,33.5,19.3,+14.2,+0.68,+0.60,Matches
428,Nathan Redmond\Nathan-Redmond,eng ENG,MFFW,Southampton,25,1994,23,1960,85,75.1,21.8,23,85,0,,0,1.17,27,43,-16,-0.73,-0.60,30.5,29.1,+1.4,+0.06,+0.43,Matches
429,Winston Reid\Winston-Reid,nz NZL,DF,West Ham,31,1988,0,,,,,0,,0,,3,,,,,,,,,,,,Matches
430,Pepe Reina\Pepe-Reina,es ESP,GK,Aston Villa,36,1982,6,540,90,21.4,6.0,6,90,0,,0,0.67,6,13,-7,-1.17,-0.48,6.0,12.9,-6.9,-1.14,-0.27,Matches
431,Panagiotis Retsos\Panagiotis-Retsos,gr GRE,DF,Sheffield Utd,20,1998,0,,,,,0,,0,,3,,,,,,,,,,,,Matches
432,Declan Rice\Declan-Rice,eng ENG,MF,West Ham,20,1999,29,2610,90,100.0,29.0,29,90,0,,0,0.93,35,50,-15,-0.52,,33.1,53.3,-20.2,-0.70,,Matches
433,Richarlison\Richarlison,br BRA,FW,Everton,22,1997,27,2358,87,90.3,26.2,27,87,0,,0,1.30,33,42,-9,-0.34,-0.34,36.8,33.8,+3.0,+0.12,-0.40,Matches
434,Diego Rico\Diego-Rico,es ESP,DF,Bournemouth,26,1993,21,1795,85,68.8,19.9,21,85,0,,7,1.05,21,27,-6,-0.30,+1.02,21.2,28.0,-6.8,-0.34,+0.32,Matches
435,JaÃ¯ro Riedewald\Jairo-Riedewald,nl NED,DF,Crystal Palace,22,1996,10,609,61,23.3,6.8,6,82,4,29,9,1.50,7,7,0,0.00,+0.27,6.6,10.5,-3.9,-0.58,-0.33,Matches
436,Matt Ritchie\Matt-Ritchie,sco SCO,DFMF,Newcastle Utd,29,1989,10,713,71,27.3,7.9,7,86,3,37,1,1.20,5,8,-3,-0.38,+0.24,7.6,10.6,-3.0,-0.38,+0.44,Matches
437,Roberto\Roberto,es ESP,GK,West Ham,33,1986,8,686,86,26.3,7.6,7,90,1,56,12,0.25,8,17,-9,-1.18,-0.90,9.3,14.9,-5.5,-0.73,-0.04,Matches
438,Patrick Roberts\Patrick-Roberts,eng ENG,MFFW,Norwich City,22,1997,3,23,8,0.9,0.3,0,,3,8,4,0.00,1,2,-1,-3.91,-3.01,1.7,0.3,+1.4,+5.33,+5.82,Matches
439,Andrew Robertson\Andrew-Robertson,sco SCO,DF,Liverpool,25,1994,28,2445,87,93.7,27.2,27,89,1,31,0,2.82,63,20,+43,+1.58,+0.49,54.5,26.9,+27.6,+1.01,+1.29,Matches
440,Callum Robinson\Callum-Robinson,ie IRL,FW,Sheffield Utd,24,1995,16,676,42,26.8,7.5,9,66,7,11,7,1.06,7,6,+1,+0.13,-0.06,8.0,9.2,-1.2,-0.16,-0.20,Matches
441,Jack Robinson\Jack-Robinson,eng ENG,DF,Sheffield Utd,25,1993,0,,,,,0,,0,,1,,,,,,,,,,,,Matches
442,Rodri\Rodri,es ESP,MFDF,Manchester City,23,1996,26,1957,75,77.7,21.7,22,87,4,13,0,1.96,53,25,+28,+1.29,-0.15,49.2,20.6,+28.6,+1.32,-0.37,Matches
443,Jay Rodriguez\Jay-Rodriguez,eng ENG,FW,Burnley,30,1989,28,1379,49,52.8,15.3,12,87,16,21,0,1.39,21,26,-5,-0.33,-0.25,21.4,22.1,-0.7,-0.04,+0.10,Matches
444,Marcos Rojo\Marcos-Rojo,ar ARG,DF,Manchester Utd,29,1990,3,120,40,4.6,1.3,1,90,2,15,5,1.33,1,2,-1,-0.75,-1.29,1.0,1.3,-0.3,-0.22,-0.77,Matches
445,Sergio Romero\Sergio-Romero,ar ARG,GK,Manchester Utd,32,1987,0,,,,,0,,0,,26,,,,,,,,,,,,Matches
446,Oriol Romeu\Oriol-Romeu,es ESP,MF,Southampton,27,1991,22,1308,59,50.1,14.5,13,87,9,19,7,1.32,13,32,-19,-1.31,-1.45,17.6,24.5,-6.9,-0.48,-0.87,Matches
447,Danny Rose\Danny-Rose,eng ENG,DF,Newcastle Utd,29,1990,5,352,70,13.5,3.9,4,85,1,11,0,1.00,1,5,-4,-1.02,-0.54,5.1,4.2,+0.9,+0.24,+1.09,Matches
448,Danny Rose\Danny-Rose,eng ENG,DF,Tottenham,29,1990,12,894,75,34.3,9.9,10,86,2,16,3,1.25,16,14,+2,+0.20,-0.06,12.5,15.5,-3.0,-0.31,-0.24,Matches
449,John Ruddy\John-Ruddy,eng ENG,GK,Wolves,32,1986,0,,,,,0,,0,,29,,,,,,,,,,,,Matches
450,Antonio RÃ¼diger\Antonio-Rudiger,de GER,DF,Chelsea,26,1993,13,1125,87,43.1,12.5,13,87,0,,1,1.62,21,13,+8,+0.64,+0.40,20.6,9.1,+11.5,+0.92,+0.28,Matches
451,Lukas Rupp\Lukas-Rupp,de GER,FW,Norwich City,28,1991,6,339,57,13.0,3.8,4,79,2,11,1,1.17,2,6,-4,-1.06,-0.15,4.0,6.8,-2.8,-0.75,-0.36,Matches
452,Mathew Ryan\Mathew-Ryan,au AUS,GK,Brighton,27,1992,29,2610,90,100.0,29.0,29,90,0,,0,1.00,32,40,-8,-0.28,,34.2,40.6,-6.4,-0.22,,Matches
453,Allan Saint-Maximin\Allan-Saint-Maximin,fr FRA,MFFW,Newcastle Utd,22,1997,18,1274,71,48.8,14.2,15,81,3,17,1,1.61,14,13,+1,+0.07,+1.22,15.0,22.1,-7.1,-0.50,+0.40,Matches
454,Romain SaÃ¯ss\Romain-Saiss,ma MAR,DF,Wolves,29,1990,25,1985,79,76.1,22.1,23,85,2,21,1,1.56,33,28,+5,+0.23,-0.06,32.3,19.4,+12.9,+0.59,+0.86,Matches
455,Bukayo Saka\Bukayo-Saka,eng ENG,DFFW,Arsenal,17,2001,18,1174,65,46.6,13.0,12,81,6,34,4,1.50,15,11,+4,+0.31,+0.31,14.8,17.1,-2.3,-0.18,-0.03,Matches
456,Mamadou Sakho\Mamadou-Sakho,fr FRA,DFMF,Crystal Palace,29,1990,8,465,58,17.8,5.2,6,71,2,21,0,1.88,5,8,-3,-0.58,-0.45,5.3,6.5,-1.2,-0.23,+0.13,Matches
457,Mohamed Salah\Mohamed-Salah,eg EGY,FW,Liverpool,27,1992,26,2250,87,86.2,25.0,26,87,0,,2,2.88,52,15,+37,+1.48,-0.52,47.9,23.7,+24.2,+0.97,+0.24,Matches
458,Mbwana Samatta\Mbwana-Samatta,tz TAN,FW,Aston Villa,26,1992,4,353,88,14.0,3.9,4,88,0,,0,0.00,3,10,-7,-1.78,-1.16,4.3,10.0,-5.7,-1.46,-0.61,Matches
459,Carlos SÃ¡nchez\Carlos-Sanchez,co COL,MFDF,West Ham,33,1986,6,113,19,4.3,1.3,1,62,5,10,12,1.67,3,2,+1,+0.80,+1.37,1.9,2.6,-0.7,-0.55,+0.15,Matches
460,Davinson SÃ¡nchez\Davinson-Sanchez,co COL,DF,Tottenham,23,1996,22,1890,86,72.4,21.0,21,88,1,45,4,1.41,37,31,+6,+0.29,+0.16,28.6,31.2,-2.6,-0.12,+0.09,Matches
461,Ismaila Sarr\Ismaila-Sarr,sn SEN,FWMF,Watford,21,1998,19,1226,65,47.0,13.6,13,84,6,23,2,1.05,15,16,-1,-0.07,+0.97,18.6,17.7,+0.8,+0.06,+0.73,Matches
462,Christain Saydee\Christain-Saydee,lr LBR,MF,Bournemouth,17,2002,0,,,,,0,,0,,1,,,,,,,,,,,,Matches
463,Fabian SchÃ¤r\Fabian-Schar,ch SUI,DF,Newcastle Utd,27,1991,18,1397,78,53.5,15.5,15,89,3,21,7,0.83,12,28,-16,-1.03,-1.03,11.1,24.8,-13.7,-0.88,-0.39,Matches
464,Ezequiel Schelotto\Ezequiel-Schelotto,it ITA,DF,Brighton,30,1989,8,290,36,11.1,3.2,3,77,5,12,6,1.13,6,7,-1,-0.31,-0.04,4.6,3.3,+1.3,+0.42,+0.72,Matches
465,Jeffrey Schlupp\Jeffrey-Schlupp,gh GHA,MFDF,Crystal Palace,26,1992,14,859,61,32.9,9.5,9,79,5,29,2,1.43,10,12,-2,-0.21,0.00,9.1,11.4,-2.3,-0.24,+0.14,Matches
466,Kasper Schmeichel\Kasper-Schmeichel,dk DEN,GK,Leicester City,32,1986,29,2610,90,100.0,29.0,29,90,0,,0,1.83,58,28,+30,+1.03,,47.2,35.4,+11.8,+0.41,,Matches
467,Morgan Schneiderlin\Morgan-Schneiderlin,fr FRA,MF,Everton,29,1989,15,1003,67,38.4,11.1,12,79,3,18,4,0.93,15,20,-5,-0.45,-0.22,16.9,13.9,+3.0,+0.27,+0.18,Matches
468,Ken Sema\Ken-Sema,se SWE,MF,Watford,25,1993,0,,,,,0,,0,,1,,,,,,,,,,,,Matches
469,Ryan Sessegnon\Ryan-Sessegnon,eng ENG,DF,Tottenham,19,2000,6,341,57,13.1,3.8,4,82,2,8,6,1.83,5,5,0,0.00,-0.28,5.5,4.1,+1.5,+0.38,+0.61,Matches
470,Xherdan Shaqiri\Xherdan-Shaqiri,ch SUI,FW,Liverpool,27,1991,6,174,29,6.7,1.9,2,80,4,4,6,3.00,6,2,+4,+2.07,+0.55,3.8,2.9,+0.9,+0.47,-0.50,Matches
471,Billy Sharp\Billy-Sharp,eng ENG,FW,Sheffield Utd,33,1986,18,665,37,26.4,7.4,6,68,12,22,8,1.33,9,6,+3,+0.41,+0.31,10.0,8.9,+1.1,+0.14,+0.21,Matches
472,Luke Shaw\Luke-Shaw,eng ENG,DF,Manchester Utd,24,1995,18,1235,69,47.3,13.7,14,86,4,9,0,1.61,21,11,+10,+0.73,+0.47,20.7,15.7,+5.0,+0.37,-0.27,Matches
473,Jonjo Shelvey\Jonjo-Shelvey,eng ENG,MF,Newcastle Utd,27,1992,17,1342,79,51.4,14.9,16,84,1,5,6,1.47,16,18,-2,-0.13,+0.86,17.0,27.8,-10.8,-0.72,-0.04,Matches
474,Djibril SidibÃ©\Djibril-Sidibe,fr FRA,DF,Everton,27,1992,21,1641,78,62.9,18.2,17,85,4,48,4,1.38,26,29,-3,-0.16,+0.39,28.4,23.2,+5.2,+0.29,+0.35,Matches
475,Gylfi SigurÃ°sson\Gylfi-Sigurdsson,is ISL,MF,Everton,29,1989,26,1998,77,76.6,22.2,23,84,3,23,0,1.31,28,37,-9,-0.41,-0.41,31.3,29.7,+1.6,+0.07,-0.35,Matches
476,Bernardo Silva\Bernardo-Silva,pt POR,FWMF,Manchester City,24,1994,24,1498,62,59.4,16.6,17,81,7,16,3,1.88,37,22,+15,+0.90,-1.04,38.9,16.0,+22.9,+1.38,-0.05,Matches
477,David Silva\David-Silva,es ESP,MF,Manchester City,33,1986,19,1261,66,50.0,14.0,16,77,3,8,4,2.21,39,12,+27,+1.93,+1.21,32.1,12.3,+19.8,+1.42,+0.04,Matches
478,Jack Simpson\Jack-Simpson,eng ENG,DF,Bournemouth,22,1997,4,238,60,9.1,2.6,1,90,3,49,14,0.25,1,5,-4,-1.51,-0.98,1.8,5.4,-3.5,-1.33,-0.98,Matches
479,Moussa Sissoko\Moussa-Sissoko,fr FRA,MF,Tottenham,29,1989,20,1690,85,64.8,18.8,19,89,1,8,0,1.45,31,25,+6,+0.32,+0.22,22.4,24.3,-1.9,-0.10,+0.13,Matches
480,Oliver Skipp\Oliver-Skipp,eng ENG,MFDF,Tottenham,18,2000,4,55,14,2.1,0.6,1,45,3,3,12,2.00,0,1,-1,-1.64,-1.92,0.3,1.7,-1.5,-2.40,-2.31,Matches
481,William Smallbone\William-Smallbone,ie IRL,MF,Southampton,19,2000,2,158,79,6.1,1.8,2,79,0,,3,1.50,2,3,-1,-0.57,+0.02,3.1,2.8,+0.2,+0.13,+0.19,Matches
482,Adam Smith\Adam-Smith,eng ENG,DF,Bournemouth,28,1991,18,1560,87,59.8,17.3,18,87,0,,0,0.89,17,27,-10,-0.58,+0.11,21.3,27.2,-5.9,-0.34,+0.24,Matches
483,Emile Smith-Rowe\Emile-Smith-Rowe,eng ENG,MF,Arsenal,19,2000,2,97,49,3.8,1.1,1,66,1,31,2,0.50,0,0,0,0.00,-0.15,0.8,1.0,-0.2,-0.20,-0.05,Matches
484,Robert Snodgrass\Robert-Snodgrass,sco SCO,MFFW,West Ham,31,1987,24,1511,63,57.9,16.8,17,82,7,16,4,0.92,20,33,-13,-0.77,-0.61,16.0,31.5,-15.5,-0.93,-0.54,Matches
485,CÃ©dric Soares\Cedric-Soares,pt POR,DF,Southampton,27,1991,16,1309,82,50.2,14.5,16,82,0,,3,1.69,19,18,+1,+0.07,+1.31,21.7,16.4,+5.3,+0.36,+0.81,Matches
486,Dominic Solanke\Dominic-Solanke,eng ENG,FWMF,Bournemouth,21,1997,24,1179,49,45.2,13.1,12,84,12,14,5,0.79,13,25,-12,-0.92,-0.54,13.1,19.3,-6.2,-0.47,-0.06,Matches
487,TomÃ¡Å¡ SouÄek\Tomas-Soucek,cz CZE,MF,West Ham,24,1995,4,231,58,8.9,2.6,3,74,1,9,0,0.25,4,6,-2,-0.78,-0.29,1.6,5.2,-3.5,-1.38,-0.75,Matches
488,Ã‡aÄŸlar SÃ¶yÃ¼ncÃ¼\Caglar-Soyuncu,tr TUR,DF,Leicester City,23,1996,28,2520,90,96.6,28.0,28,90,0,,1,1.79,56,27,+29,+1.04,+0.04,45.0,34.3,+10.7,+0.38,-0.76,Matches
489,Dennis Srbeny\Dennis-Srbeny,de GER,MFFW,Norwich City,25,1994,8,39,5,1.5,0.4,0,,8,5,10,0.88,2,1,+1,+2.31,+3.29,2.3,1.1,+1.2,+2.68,+3.16,Matches
490,Jack Stacey\Jack-Stacey,eng ENG,DF,Bournemouth,23,1996,12,1068,89,40.9,11.9,12,89,0,,7,1.00,15,19,-4,-0.34,+0.48,14.1,18.2,-4.1,-0.35,+0.16,Matches
491,Junior Stanislas\Junior-Stanislas,eng ENG,MFFW,Bournemouth,29,1989,6,223,37,8.5,2.5,2,65,4,23,4,0.17,1,6,-5,-2.02,-1.53,2.8,4.4,-1.5,-0.62,-0.19,Matches
492,Richard Stearman\Richard-Stearman,eng ENG,DF,Sheffield Utd,31,1987,0,,,,,0,,0,,1,,,,,,,,,,,,Matches
493,Jed Steer\Jed-Steer,eng ENG,GK,Aston Villa,26,1992,1,8,8,0.3,0.1,1,8,0,,11,0.00,0,0,0,0.00,+0.79,0.0,0.1,-0.1,-1.16,-0.23,Matches
494,Maarten Stekelenburg\Maarten-Stekelenburg,nl NED,GK,Everton,36,1982,0,,,,,0,,0,,15,,,,,,,,,,,,Matches
495,Dale Stephens\Dale-Stephens,eng ENG,MF,Brighton,30,1989,24,1944,81,74.5,21.6,22,88,2,4,2,1.04,26,33,-7,-0.32,-0.19,25.0,30.6,-5.6,-0.26,-0.15,Matches
496,Jack Stephens\Jack-Stephens,eng ENG,DF,Southampton,25,1994,21,1828,87,70.0,20.3,20,89,1,45,5,1.24,26,33,-7,-0.34,+0.81,28.0,28.3,-0.3,-0.01,+0.09,Matches
497,Raheem Sterling\Raheem-Sterling,eng ENG,FW,Manchester City,24,1994,24,2024,84,80.3,22.5,23,88,1,0,2,1.88,48,27,+21,+0.93,-1.97,49.9,21.5,+28.4,+1.26,-0.69,Matches
498,Enda Stevens\Enda-Stevens,ie IRL,DF,Sheffield Utd,29,1990,28,2446,87,97.1,27.2,28,87,0,,0,1.54,30,25,+5,+0.18,+0.18,32.3,32.6,-0.3,-0.01,-0.02,Matches
499,Marco Stiepermann\Marco-Stiepermann,de GER,MF,Norwich City,28,1991,19,938,49,35.9,10.4,11,74,8,16,7,0.63,12,24,-12,-1.15,-0.34,11.9,18.6,-6.7,-0.64,-0.31,Matches
500,John Stones\John-Stones,eng ENG,DF,Manchester City,25,1994,12,905,75,35.9,10.1,10,87,2,18,2,1.92,25,15,+10,+0.99,-0.51,22.8,9.5,+13.3,+1.32,-0.11,Matches
501,Isaac Success\Isaac-Success,ng NGA,FWMF,Watford,23,1996,5,65,13,2.5,0.7,0,,5,13,7,0.80,0,3,-3,-4.15,-3.66,0.7,1.7,-1.1,-1.46,-1.16,Matches
502,Ki Sung-yueng\Ki-Sung-yueng,kr KOR,MF,Newcastle Utd,30,1989,3,136,45,5.2,1.5,1,74,2,31,2,0.33,0,6,-6,-3.97,-3.61,0.7,1.7,-1.0,-0.67,+0.04,Matches
503,Andrew Surman\Andrew-Surman,eng ENG,MF,Bournemouth,32,1986,5,234,47,9.0,2.6,2,89,3,19,17,1.20,2,6,-4,-1.54,-1.01,4.1,5.8,-1.7,-0.64,-0.21,Matches
504,Sam Surridge\Sam-Surridge,eng ENG,FW,Bournemouth,21,1998,1,15,15,0.6,0.2,0,,1,15,4,0.00,0,1,-1,-6.00,-5.41,0.1,0.5,-0.4,-2.64,-2.21,Matches
505,Japhet Tanganga\Japhet-Tanganga,eng ENG,DF,Tottenham,20,1999,6,526,88,20.2,5.8,6,88,0,,5,0.83,6,7,-1,-0.17,-0.52,6.8,13.3,-6.4,-1.10,-1.19,Matches
506,Matt Targett\Matt-Targett,eng ENG,DF,Aston Villa,23,1995,20,1691,85,67.1,18.8,20,85,0,,2,0.90,23,35,-12,-0.64,+0.45,22.2,40.3,-18.1,-0.96,-0.11,Matches
507,James Tarkowski\James-Tarkowski,eng ENG,DF,Burnley,26,1992,29,2610,90,100.0,29.0,29,90,0,,0,1.34,34,40,-6,-0.21,,33.3,36.0,-2.7,-0.09,,Matches
508,Charlie Taylor\Charlie-Taylor,eng ENG,DF,Burnley,25,1993,17,1376,81,52.7,15.3,15,86,2,40,6,1.59,19,11,+8,+0.52,+1.54,19.4,20.0,-0.6,-0.04,+0.10,Matches
509,Neil Taylor\Neil-Taylor,wal WAL,DF,Aston Villa,30,1989,10,793,79,31.5,8.8,8,90,2,37,9,0.80,11,19,-8,-0.91,-0.18,8.5,14.9,-6.4,-0.72,+0.30,Matches
510,Alexander Tettey\Alexander-Tettey,no NOR,MFDF,Norwich City,33,1986,23,1791,78,68.6,19.9,21,83,2,24,2,0.87,16,31,-15,-0.75,+0.56,21.4,30.3,-8.8,-0.44,-0.01,Matches
511,Youri Tielemans\Youri-Tielemans,be BEL,MF,Leicester City,22,1997,28,2154,77,82.5,23.9,24,87,4,15,1,1.79,50,24,+26,+1.09,+0.30,39.2,29.8,+9.4,+0.39,-0.09,Matches
512,Kieran Tierney\Kieran-Tierney,sco SCO,DF,Arsenal,22,1997,5,299,60,11.9,3.3,4,70,1,18,4,1.20,5,6,-1,-0.30,-0.50,4.4,6.1,-1.7,-0.52,-0.41,Matches
513,James Tomkins\James-Tomkins,eng ENG,DF,Crystal Palace,30,1989,18,1584,88,60.7,17.6,18,88,0,,3,0.89,15,23,-8,-0.45,-0.63,14.6,24.6,-10.1,-0.57,-0.61,Matches
514,Fikayo Tomori\Fikayo-Tomori,eng ENG,DF,Chelsea,21,1997,15,1293,86,49.5,14.4,15,86,0,,9,1.93,27,18,+9,+0.63,+0.42,23.9,15.0,+8.9,+0.62,-0.28,Matches
515,Lucas Torreira\Lucas-Torreira,uy URU,MF,Arsenal,23,1996,24,1371,57,54.4,15.2,15,80,9,19,3,1.38,20,20,0,0.00,-0.31,19.0,23.2,-4.2,-0.28,-0.26,Matches
516,Cenk Tosun\Cenk-Tosun,tr TUR,FW,Everton,28,1991,5,290,58,11.1,3.2,2,82,3,42,11,1.00,2,4,-2,-0.62,-0.35,3.3,3.6,-0.4,-0.11,-0.30,Matches
517,Cenk Tosun\Cenk-Tosun,tr TUR,FW,Crystal Palace,28,1991,5,176,35,6.7,2.0,2,75,3,9,0,1.60,1,2,-1,-0.51,-0.33,2.2,3.4,-1.2,-0.63,-0.31,Matches
518,Andros Townsend\Andros-Townsend,eng ENG,MF,Crystal Palace,28,1991,15,795,53,30.5,8.8,9,78,6,16,5,1.40,7,12,-5,-0.57,-0.52,7.0,12.4,-5.4,-0.61,-0.39,Matches
519,Adama TraorÃ©\Adama-Traore,es ESP,FWDF,Wolves,23,1996,28,2073,74,79.4,23.0,22,87,6,27,1,1.50,36,30,+6,+0.26,+0.09,32.6,22.1,+10.5,+0.45,+0.36,Matches
520,Mark Travers\Mark-Travers,ie IRL,GK,Bournemouth,20,1999,1,90,90,3.4,1.0,1,90,0,,0,0.00,0,3,-3,-3.00,-2.46,0.3,1.9,-1.6,-1.62,-1.22,Matches
521,TrÃ©zÃ©guet\Trezeguet,eg EGY,FWMF,Aston Villa,24,1994,24,1324,55,52.5,14.7,13,77,11,29,3,0.88,18,22,-4,-0.27,+1.08,13.7,29.3,-15.6,-1.06,-0.29,Matches
522,Leandro Trossard\Leandro-Trossard,be BEL,FWMF,Brighton,24,1994,23,1444,63,55.3,16.0,16,81,7,21,2,0.91,18,24,-6,-0.37,-0.22,20.2,21.5,-1.3,-0.08,+0.31,Matches
523,Tom Trybull\Tom-Trybull,de GER,MF,Norwich City,26,1993,14,1029,74,39.4,11.4,12,81,2,28,9,0.71,12,22,-10,-0.87,+0.09,13.1,15.9,-2.8,-0.25,+0.32,Matches
524,Axel Tuanzebe\Axel-Tuanzebe,eng ENG,DF,Manchester Utd,21,1997,5,186,37,7.1,2.1,2,90,3,2,9,1.60,1,3,-2,-0.97,-1.56,1.9,2.6,-0.7,-0.31,-0.89,Matches
525,Yan Valery\Yan-Valery,fr FRA,DF,Southampton,20,1999,9,648,72,24.8,7.2,8,79,1,14,7,0.78,6,19,-13,-1.81,-1.62,7.1,12.6,-5.5,-0.76,-0.96,Matches
526,JesÃºs Vallejo\Jesus-Vallejo,es ESP,DF,Wolves,22,1997,2,162,81,6.2,1.8,1,90,1,72,10,0.50,3,6,-3,-1.67,-2.03,2.4,3.1,-0.7,-0.38,-0.81,Matches
527,Jamie Vardy\Jamie-Vardy,eng ENG,FW,Leicester City,32,1987,26,2224,86,85.2,24.7,25,88,1,31,0,1.81,49,25,+24,+0.97,-0.43,39.2,30.8,+8.4,+0.34,-0.44,Matches
528,Indiana Vassilev\Indiana-Vassilev,us USA,FW,Aston Villa,18,2001,2,36,18,1.4,0.4,0,,2,18,1,2.00,2,0,+2,+5.00,+5.87,0.5,0.5,0.0,0.00,+0.94,Matches
529,Michael Verrips\Michael-Verrips,nl NED,GK,Sheffield Utd,22,1996,0,,,,,0,,0,,11,,,,,,,,,,,,Matches
530,Jan Vertonghen\Jan-Vertonghen,be BEL,DF,Tottenham,32,1987,19,1544,81,59.2,17.2,18,86,1,0,6,1.53,26,23,+3,+0.17,-0.16,20.6,24.1,-3.5,-0.20,-0.14,Matches
531,Jannik Vestergaard\Jannik-Vestergaard,dk DEN,DF,Southampton,26,1992,14,1136,81,43.5,12.6,13,86,1,22,10,0.79,13,23,-10,-0.79,-0.36,15.1,17.4,-2.3,-0.19,-0.25,Matches
532,RÃºben Vinagre\Ruben-Vinagre,pt POR,DF,Wolves,20,1999,13,528,41,20.2,5.9,5,87,8,12,12,1.54,9,6,+3,+0.51,+0.34,9.0,5.3,+3.7,+0.62,+0.31,Matches
533,JoÃ£o VirgÃ­nia\Joao-Virginia,pt POR,GK,Everton,19,1999,0,,,,,0,,0,,1,,,,,,,,,,,,Matches
534,Michel Vorm\Michel-Vorm,nl NED,GK,Tottenham,35,1983,0,,,,,0,,0,,9,,,,,,,,,,,,Matches
535,Mario VranÄiÄ‡\Mario-Vrancic,ba BIH,MF,Norwich City,30,1989,12,379,32,14.5,4.2,4,78,8,9,8,0.58,4,8,-4,-0.95,-0.02,4.6,5.5,-0.9,-0.22,+0.25,Matches
536,MatÄ›j Vydra\Matej-Vydra,cz CZE,FW,Burnley,27,1992,10,330,33,12.6,3.7,2,70,8,24,9,0.90,6,1,+5,+1.36,+1.80,4.9,3.8,+1.2,+0.32,+0.47,Matches
537,Theo Walcott\Theo-Walcott,eng ENG,MFFW,Everton,30,1989,21,1070,51,41.0,11.9,14,66,7,20,2,1.48,18,14,+4,+0.34,+1.10,20.3,12.1,+8.2,+0.69,+0.90,Matches
538,Kyle Walker\Kyle-Walker,eng ENG,DF,Manchester City,29,1990,21,1809,86,71.8,20.1,21,86,0,,6,1.95,49,22,+27,+1.34,+0.08,49.8,18.3,+31.5,+1.57,+0.61,Matches
539,Kyle Walker-Peters\Kyle-Walker-Peters,eng ENG,DF,Southampton,22,1997,1,73,73,2.8,0.8,1,73,0,,2,0.00,1,2,-1,-1.23,-0.67,0.5,0.4,+0.1,+0.08,+0.13,Matches
540,Kyle Walker-Peters\Kyle-Walker-Peters,eng ENG,DF,Tottenham,22,1997,3,242,81,9.3,2.7,3,81,0,,2,1.33,5,4,+1,+0.37,+0.14,3.3,3.9,-0.6,-0.24,-0.10,Matches
541,Aaron Wan-Bissaka\Aaron-Wan-Bissaka,eng ENG,DF,Manchester Utd,21,1997,26,2331,90,89.3,25.9,26,90,0,,1,1.58,41,28,+13,+0.50,+0.18,40.3,26.8,+13.5,+0.52,+0.09,Matches
542,Victor Wanyama\Victor-Wanyama,ke KEN,MF,Tottenham,28,1991,2,23,12,0.9,0.3,0,,2,12,2,1.50,0,2,-2,-7.83,-8.14,0.2,0.3,-0.1,-0.43,-0.28,Matches
543,Danny Ward\Danny-Ward,wal WAL,GK,Leicester City,26,1993,0,,,,,0,,0,,29,,,,,,,,,,,,Matches
544,Joel Ward\Joel-Ward,eng ENG,DF,Crystal Palace,29,1989,20,1573,79,60.3,17.5,18,86,2,15,0,1.25,15,18,-3,-0.17,+0.09,18.2,19.9,-1.7,-0.10,+0.59,Matches
545,James Ward-Prowse\James-Ward-Prowse,eng ENG,MFDF,Southampton,24,1994,29,2610,90,100.0,29.0,29,90,0,,0,1.17,35,52,-17,-0.59,,39.8,41.0,-1.2,-0.04,,Matches
546,Kelland Watts\Kelland-Watts,eng ENG,DF,Newcastle Utd,19,1999,0,,,,,0,,0,,1,,,,,,,,,,,,Matches
547,Adam Webster\Adam-Webster,eng ENG,DF,Brighton,24,1995,23,2016,88,77.2,22.4,23,88,0,,5,0.91,22,33,-11,-0.49,-0.95,26.2,33.8,-7.6,-0.34,-0.52,Matches
548,Danny Welbeck\Danny-Welbeck,eng ENG,FWMF,Watford,28,1990,9,277,31,10.6,3.1,3,57,6,18,2,0.33,0,3,-3,-0.97,-0.43,3.3,4.0,-0.7,-0.22,+0.11,Matches
549,Ashley Westwood\Ashley-Westwood,eng ENG,MF,Burnley,29,1990,26,2340,90,89.7,26.0,26,90,0,,0,1.50,33,29,+4,+0.15,+3.49,30.6,31.3,-0.7,-0.03,+0.63,Matches
550,Alfie Whiteman\Alfie-Whiteman,eng ENG,GK,Tottenham,20,1998,0,,,,,0,,0,,4,,,,,,,,,,,,Matches
551,Connor Wickham\Connor-Wickham,eng ENG,FWMF,Crystal Palace,26,1993,6,90,15,3.4,1.0,0,,6,15,7,1.00,3,2,+1,+1.00,+1.25,2.2,1.7,+0.5,+0.51,+0.87,Matches
552,Georginio Wijnaldum\Georginio-Wijnaldum,nl NED,MF,Liverpool,28,1990,28,2332,83,89.3,25.9,28,83,0,,0,2.82,56,18,+38,+1.47,-0.80,47.6,27.1,+20.5,+0.79,-1.32,Matches
553,Jetro Willems\Jetro-Willems,nl NED,DF,Newcastle Utd,25,1994,19,1498,79,57.4,16.6,18,81,1,36,2,1.21,18,24,-6,-0.36,+0.45,15.5,29.3,-13.9,-0.83,-0.30,Matches
554,Brandon Williams\Brandon-Williams,eng ENG,DF,Manchester Utd,18,2000,12,760,63,29.1,8.4,9,83,3,3,9,1.58,17,9,+8,+0.95,+0.66,14.6,9.1,+5.5,+0.65,+0.20,Matches
555,Neco Williams\Neco-Williams,wal WAL,DF,Liverpool,18,2001,0,,,,,0,,0,,7,,,,,,,,,,,,Matches
556,Willian\Willian,br BRA,FW,Chelsea,30,1988,28,1929,69,73.9,21.4,21,85,7,20,0,1.71,39,21,+18,+0.84,+1.63,39.2,18.5,+20.7,+0.97,+0.79,Matches
557,Joe Willock\Joe-Willock,eng ENG,MF,Arsenal,19,1999,19,574,30,22.8,6.4,6,66,13,14,6,1.21,9,11,-2,-0.31,-0.59,8.4,11.6,-3.1,-0.49,-0.43,Matches
558,Jack Wilshere\Jack-Wilshere,eng ENG,MF,West Ham,27,1992,6,175,29,6.7,1.9,2,51,4,19,1,0.83,1,4,-3,-1.54,-1.10,0.9,3.8,-2.9,-1.51,-0.87,Matches
559,Callum Wilson\Callum-Wilson,eng ENG,FW,Bournemouth,27,1992,28,2350,84,90.0,26.1,26,88,2,37,0,0.86,28,46,-18,-0.69,-0.69,30.5,42.9,-12.4,-0.48,-0.36,Matches
560,Harry Wilson\Harry-Wilson,wal WAL,MFFW,Bournemouth,22,1997,23,1446,63,55.4,16.1,19,69,4,33,2,0.96,19,28,-9,-0.56,+0.14,18.8,23.5,-4.7,-0.29,+0.33,Matches
561,Harry Winks\Harry-Winks,eng ENG,MF,Tottenham,23,1996,23,1594,69,61.1,17.7,19,79,4,23,4,1.52,27,27,0,0.00,-0.62,22.8,28.5,-5.7,-0.32,-0.45,Matches
562,Chris Wood\Chris-Wood,nz NZL,FW,Burnley,27,1991,26,2069,80,79.3,23.0,25,81,1,32,0,1.38,24,28,-4,-0.17,+0.16,24.7,28.9,-4.2,-0.18,-0.43,Matches
563,Sam Woods\Sam-Woods,eng ENG,DF,Crystal Palace,20,1998,0,,,,,0,,0,,7,,,,,,,,,,,,Matches
564,Granit Xhaka\Granit-Xhaka,ch SUI,MF,Arsenal,26,1992,22,1908,87,75.7,21.2,22,87,0,,0,1.59,32,25,+7,+0.33,+0.77,28.8,29.7,-0.9,-0.04,+0.47,Matches
565,Andriy Yarmolenko\Andriy-Yarmolenko,ua UKR,MF,West Ham,29,1989,15,828,55,31.7,9.2,9,71,6,32,0,1.27,9,14,-5,-0.54,-0.04,10.7,16.5,-5.9,-0.64,+0.09,Matches
566,DeAndre Yedlin\DeAndre-Yedlin,us USA,DF,Newcastle Utd,26,1993,12,772,64,29.6,8.6,8,86,4,22,4,1.17,8,11,-3,-0.35,+0.29,9.4,15.8,-6.4,-0.75,-0.06,Matches
567,Maya Yoshida\Maya-Yoshida,jp JPN,DF,Southampton,30,1988,8,558,70,21.4,6.2,6,90,2,9,15,1.00,5,18,-13,-2.10,-1.92,7.1,11.3,-4.2,-0.68,-0.81,Matches
568,Ashley Young\Ashley-Young,eng ENG,DF,Manchester Utd,34,1985,12,954,80,36.6,10.6,10,90,2,29,8,1.50,12,10,+2,+0.19,-0.46,15.9,9.3,+6.7,+0.63,+0.18,Matches
569,Pablo Zabaleta\Pablo-Zabaleta,ar ARG,DF,West Ham,34,1985,10,589,59,22.6,6.5,6,87,4,17,19,0.60,5,14,-9,-1.38,-1.11,7.7,13.3,-5.6,-0.86,-0.21,Matches
570,Wilfried Zaha\Wilfried-Zaha,ci CIV,MFFW,Crystal Palace,26,1992,29,2545,88,97.5,28.3,28,90,1,25,0,1.34,26,32,-6,-0.21,-0.21,27.5,37.0,-9.6,-0.34,-0.30,Matches
571,Christoph Zimmermann\Christoph-Zimmermann,de GER,DF,Norwich City,26,1993,15,1296,86,49.7,14.4,15,86,0,,1,0.73,13,21,-8,-0.56,+0.75,18.1,20.0,-1.9,-0.13,+0.62,Matches
572,Oleksandr Zinchenko\Oleksandr-Zinchenko,ua UKR,DF,Manchester City,22,1996,12,906,76,36.0,10.1,10,86,2,25,2,1.83,22,10,+12,+1.19,-0.20,24.9,11.4,+13.5,+1.35,-0.08,Matches
573,Kurt Zouma\Kurt-Zouma,fr FRA,DF,Chelsea,24,1994,22,1803,82,69.1,20.0,19,88,3,46,4,1.64,35,27,+8,+0.40,-0.05,33.5,20.5,+12.9,+0.65,-0.38,Matches
